,feature/ exemplar ENGLISH,,badminton,ballet,baseball,basketball,billiards,boxing,golfing,handball,running,ice hockey,judo,shot-put,horseback riding,rugby,chess,fencing,skiing,sport fishing,squash,surfing,table tennis,tennis,gymnastics,long jump,soccer,volleyball,walking,cycling,sailing,swimming
feature / exemplar DUTCH,,freq,badminton,ballet,baseball,basketbal,biljarten,boksen,golf,handbal,hardlopen,ijshockey,judo,kogelstoten,paardrijden,rugby,schaken,schermen,skiën,sportvissen,squash,surfen,tafeltennis,tennis,turnen,verspringen,voetbal,volleybal,wandelen,wielrennen,zeilen,zwemmen
achteraf vindt après-ski plaats,afterwards an après-ski takes place,6,0,0,0,0,0,0,0,0,0,0,0,0,0,0,0,0,1,0,0,0,0,0,0,0,0,0,0,0,0,0
ademhaling is belangrijk,breating is important,4,0,0,0,0,0,0,0,0,0,0,0,0,0,0,0,0,0,0,0,0,0,0,0,0,0,0,0,0,0,1
afstand afleggen,cover a distance,19,0,0,0,0,0,0,0,0,1,0,0,1,0,0,0,0,1,0,0,0,0,0,0,1,0,0,1,1,1,1
afstand wordt gemeten,the distance is measured,8,0,0,0,0,0,0,0,0,0,0,0,1,0,0,0,0,0,0,0,0,0,0,0,1,0,0,0,0,0,0
afstoten voor de witte lijn,knock off before the white line,4,0,0,0,0,0,0,0,0,0,0,0,0,0,0,0,0,0,0,0,0,0,0,0,1,0,0,0,0,0,0
Ali was een bekend figuur in deze sport,Ali was a famous character,6,0,0,0,0,0,1,0,0,0,0,0,0,0,0,0,0,0,0,0,0,0,0,0,0,0,0,0,0,0,0
armen en benen bewegen,move arms and legs,6,1,1,1,1,0,1,0,1,1,1,1,1,1,1,0,1,1,0,1,1,1,1,1,1,0,1,0,1,1,1
bal gooien,throw a ball,11,0,0,1,1,0,0,0,1,0,0,0,0,0,1,0,0,0,0,0,0,0,0,0,0,1,0,0,0,0,0
bal in ring gooien,throw the ball through a ring,7,0,0,0,1,0,0,0,0,0,0,0,0,0,0,0,0,0,0,0,0,0,0,0,0,0,0,0,0,0,0
bal mag niet vallen,the ball may not fall,6,0,0,0,0,0,0,0,0,0,0,0,0,0,0,0,0,0,0,0,0,0,0,0,0,0,1,0,0,0,0
bal moet opgepompt worden,the bal must be blown up,8,0,0,1,0,0,0,0,1,0,0,0,0,0,1,0,0,0,0,0,0,0,0,0,0,1,1,0,0,0,0
bal om basket te spelen,is practised with a ball,5,0,0,0,1,0,0,0,0,0,0,0,0,0,0,0,0,0,0,0,0,0,0,0,0,0,0,0,0,0,0
bal opvangen,catch the ball,8,0,0,1,1,0,0,0,1,0,0,0,0,0,1,0,0,0,0,0,0,0,0,0,0,0,0,0,0,0,0
bal toetsen,push the ball with finger tips,7,0,0,0,0,0,0,0,0,0,0,0,0,0,0,0,0,0,0,0,0,0,0,0,0,0,1,0,0,0,0
begint met opslag,begins with service,7,1,0,0,0,0,0,0,0,0,0,0,0,0,0,0,0,0,0,1,0,1,1,0,0,0,1,0,0,0,0
België is er goed in,Belgium is doing this well,10,0,0,0,0,1,0,0,0,0,0,1,0,1,0,0,0,0,0,1,0,1,1,0,0,0,0,0,1,0,0
benen gebruiken,use legs,4,1,1,1,1,0,1,0,1,1,1,1,1,1,1,0,1,1,0,1,1,1,1,1,1,1,1,1,1,1,1
benen kunnen breken,legs can break,4,1,1,1,1,0,1,0,1,1,1,0,0,0,1,0,0,1,0,1,0,0,1,1,1,1,1,0,0,0,0
benen scheren,shave legs,4,0,0,0,0,0,0,0,0,0,0,0,0,0,0,0,0,0,0,0,0,0,0,0,0,0,0,0,1,0,0
beoefend door gespierde mannen,is practised by muscled men,5,0,0,0,0,0,1,0,0,0,0,0,0,0,1,0,0,0,0,0,0,0,0,0,0,0,0,0,0,0,0
beoefend door magere mensen,is practised by slim people,5,0,1,0,0,0,0,0,0,0,0,0,0,0,0,0,0,0,0,0,0,0,0,1,0,0,0,0,0,0,0
bergaf glijden,slide downhill,4,0,0,0,0,0,0,0,0,0,0,0,0,0,0,0,0,1,0,0,0,0,0,0,0,0,0,0,0,0,0
bestaat in elk land,exists in every country,6,0,0,0,0,0,0,0,0,0,0,0,0,0,0,0,0,0,0,0,0,0,0,0,0,1,0,0,0,0,0
bestaat in verschillende klassen,exists in several classes,7,0,0,0,0,0,0,0,0,0,0,0,0,0,0,0,0,0,0,0,0,0,0,0,0,1,0,0,0,1,0
bestaat in verschillende soorten: klassiek en jazz,exists in several kinds: classical or jazz,8,0,1,0,0,0,0,0,0,0,0,0,0,0,0,0,0,0,0,0,0,0,0,0,0,0,0,0,0,0,0
bestaat uit een aantal rondes,consists of a number of rounds,7,0,0,0,0,0,1,0,0,0,0,0,0,0,0,0,0,0,0,0,0,0,0,0,0,0,0,0,0,0,0
bestaat uit een aantal sets,consists of several sets,12,1,0,0,0,0,0,0,0,0,0,0,0,0,0,0,0,0,0,1,0,1,1,0,0,0,1,0,0,0,0
centraal staat een net,in the centre is a net,8,1,0,0,0,0,0,0,0,0,0,0,0,0,0,0,0,0,0,0,0,1,1,0,0,0,1,0,0,0,0
ceulemans,Raymond Ceulemans is a famous player,4,0,0,0,0,0,0,0,0,0,0,0,0,0,0,0,0,0,0,0,0,0,0,0,0,1,0,0,0,0,0
clijsters,Kim Clijsters is a famous player,7,0,0,0,0,0,0,0,0,0,0,0,0,0,0,0,0,0,0,0,0,0,1,0,0,0,0,0,0,0,0
de koning is de belangrijkste figuur,the king is the most important figure,6,0,0,0,0,0,0,0,0,0,0,0,0,0,0,1,0,0,0,0,0,0,0,0,0,0,0,0,0,0,0
de koningin is de sterkste figuur,the queen is the strongest figure,6,0,0,0,0,0,0,0,0,0,0,0,0,0,0,1,0,0,0,0,0,0,0,0,0,0,0,0,0,0,0
de manier van scoren heet 'touchdown',the way of scoring is called 'touchdown',4,0,0,0,0,0,0,0,0,0,0,0,0,0,1,0,0,0,0,0,0,0,0,0,0,0,0,0,0,0,0
de spelers dragen een helm,the players wear a helmet,19,0,0,0,0,0,1,0,0,0,1,0,0,1,1,0,1,0,0,0,0,0,0,0,0,0,0,0,1,0,0
de spelers dragen een helm met gaas,the players wear a helmet with gauze,10,0,0,0,0,0,0,0,0,0,0,0,0,0,0,0,1,0,0,0,0,0,0,0,0,0,0,0,0,0,0
de spelers dragen een kimono,the players wear a kimono,17,0,0,0,0,0,0,0,0,0,0,1,0,0,0,0,0,0,0,0,0,0,0,0,0,0,0,0,0,0,0
de spelers dragen een korte broek,wearing short trousers,5,1,0,0,1,0,1,0,1,1,0,0,0,0,0,0,0,0,1,1,0,1,1,0,1,1,1,0,1,0,1
de topsporters verdienen er veel geld mee,top sportsmen earn big money with it,4,0,0,1,1,0,1,1,0,1,0,0,0,1,0,0,0,1,0,0,0,0,1,0,0,1,0,0,1,0,0
de trampoline wordt veel gebruikt,makes often use of the trampoline,6,0,0,0,0,0,0,0,0,0,0,0,0,0,0,0,0,0,0,0,0,0,0,1,0,0,0,0,0,0,0
de vissen worden meestal teruggezet,the fishes are mostly thown back,8,0,0,0,0,0,0,0,0,0,0,0,0,0,0,0,0,0,1,0,0,0,0,0,0,0,0,0,0,0,0
de zeilen bestaan in verschillende soorten,the sails exist in several kinds,15,0,0,0,0,0,0,0,0,0,0,0,0,0,0,0,0,0,0,0,1,0,0,0,0,0,0,0,0,1,0
Deburgghraeve,Fred Deburgghraeve is a famous character,5,0,0,0,0,0,0,0,0,0,0,0,0,0,0,0,0,0,0,0,0,0,0,0,0,0,0,0,0,0,1
doel is om bal in gaten te spelen,the purpose is to hit the ball in a hole,10,0,0,0,0,1,0,0,0,0,0,0,0,0,0,0,0,0,0,0,0,0,0,0,0,0,0,0,0,0,0
doel is om de koning van de tegenstander schaakmat te zetten,the purpose is to checkmate the king of the opponent,11,0,0,0,0,0,0,0,0,0,0,0,0,0,0,0,1,0,0,0,0,0,0,0,0,0,0,0,0,0,0
doel is om de meeste hoeveelheid vis te vangen,the purpose is to catch the biggest amount of fish,7,0,0,0,0,0,0,0,0,0,0,0,0,0,0,0,0,0,1,0,0,0,0,0,0,0,0,0,0,0,0
doel is om zo ver mogelijk te gooien,the purpose is to throw as far as possible,8,0,0,0,0,0,0,0,0,0,0,0,1,0,0,0,0,0,0,0,0,0,0,0,0,0,0,0,0,0,0
doel is om zo ver mogelijk te springen,purpose is to jump as far as possible,5,0,0,0,0,0,0,0,0,0,0,0,0,0,0,0,0,0,0,0,0,0,0,0,1,0,0,0,0,0,0
doet zweten,sweat,12,1,0,1,1,0,1,0,1,1,1,1,1,1,1,0,1,1,0,1,1,1,1,1,1,1,1,1,1,1,0
dribbelen mag,it is allowed to dribble,6,0,0,0,1,0,0,0,0,0,0,0,0,0,0,0,0,0,0,0,0,0,0,0,0,1,0,0,0,0,0
duurt 90 minuten,takes 90 minutes,4,0,0,0,0,0,0,0,0,0,0,0,0,0,0,0,0,0,0,0,0,0,0,0,0,1,0,0,0,0,0
duurt lang,takes long time,5,1,1,1,1,1,1,1,1,0,1,0,0,1,1,1,0,1,1,1,1,1,1,0,0,1,1,1,1,1,0
een ploeg bestaat uit elf spelers,a team consists of eleven players,14,0,0,0,0,0,0,0,0,0,0,0,0,0,0,0,0,0,0,0,0,0,0,0,0,1,0,0,0,0,0
een scheidsrechter superviseert het spel,a referee/umpire supervises the game,23,1,0,1,1,0,1,0,1,0,1,1,0,0,1,0,1,0,0,0,0,1,1,0,0,1,1,0,0,0,0
een stijl is jumping,jumping is a style,4,0,0,0,0,0,0,0,0,0,0,0,0,1,0,0,0,0,0,0,0,0,0,0,0,0,0,0,0,0,0
een variant is minigolf,miniature golf is a variant,4,0,0,0,0,0,0,1,0,0,0,0,0,0,0,0,0,0,0,0,0,0,0,0,0,0,0,0,0,0,0
eerst aanloop nemen,take a run-up,17,0,0,0,0,0,0,0,0,0,0,0,0,0,0,0,0,0,0,0,0,0,0,1,1,0,0,0,0,0,0
eindigt bij knock out,ends with a knock out,12,0,0,0,0,0,1,0,0,0,0,0,0,0,0,0,0,0,0,0,0,0,0,0,0,0,0,0,0,0,0
elk team heeft een doel,every team has a goal,22,0,0,0,1,0,0,0,1,0,1,0,0,0,1,0,0,0,0,0,0,0,0,0,0,1,0,0,0,0,0
elk team heeft een doelman,every team has a goalkeeper,8,0,0,0,0,0,0,0,1,0,1,0,0,0,0,0,0,0,0,0,0,0,0,0,0,1,0,0,0,0,0
er hoort een mode bij,is accompanied by a fashion,4,0,0,0,0,0,0,0,0,0,0,0,0,0,0,0,0,0,0,0,0,0,0,0,0,0,0,0,0,0,0
er kan veel geld mee worden verdiend,people can earn big money with it,8,0,0,0,1,1,1,1,0,0,0,0,0,0,0,0,0,0,0,0,0,0,1,0,0,1,0,0,0,0,0
er kunnen prijzen mee gewonnen worden,people can win prizes with it,5,1,1,1,1,1,1,1,1,1,1,1,1,1,1,1,1,1,1,1,1,1,1,1,1,1,1,1,1,1,1
er werden films over gemaakt,films are made of it,7,0,1,1,1,0,1,0,0,0,0,0,0,1,0,0,0,1,0,0,1,0,1,0,0,1,0,0,1,0,0
er worden optredens van gegeven,people give performances of it,5,0,1,0,0,0,0,0,0,0,0,0,0,0,0,0,0,0,0,0,0,0,0,1,0,0,0,0,0,0,0
er wordt aas bij gebruikt,needs bait,18,0,0,0,0,0,0,0,0,0,0,0,0,0,0,0,0,0,1,0,0,0,0,0,0,0,0,0,0,0,0
gaat om snelheid,is about speed,7,0,0,1,0,0,0,0,0,1,0,0,0,0,0,0,0,1,0,0,1,0,0,0,1,0,0,0,1,1,1
gaat snel,is fast,23,0,0,0,0,0,0,0,0,1,0,0,0,1,0,0,0,1,0,0,0,0,0,0,0,0,0,0,1,0,0
gaat soms gepaard met bloed,is sometimes accompanied with blood,5,0,0,1,0,0,1,0,0,0,0,0,0,0,1,0,0,0,0,0,0,0,0,0,0,1,0,0,1,0,0
gaat soms gepaard met dopinggebruik,can be coupled with doping,10,0,0,0,0,0,0,0,0,1,0,0,1,0,0,0,0,0,0,0,0,0,0,0,1,1,0,0,1,0,0
gaat traag,is slow,8,0,1,0,0,1,0,1,0,0,0,0,0,0,0,1,0,0,1,0,0,0,0,0,0,0,0,1,0,0,0
gebeurt één tegen één,one to one,8,1,0,0,0,1,1,0,0,0,0,1,0,0,0,1,1,0,0,1,0,1,1,0,0,0,0,0,0,0,0
gebeurt in skilanden als Oostenrijk en Zwitserland,is practised in countries like Austria and Suisse,4,0,0,0,0,0,0,0,0,0,0,0,0,0,0,0,0,1,0,0,0,0,0,0,0,0,0,0,0,0,0
gebeurt met de voeten,is practised with the feet,4,0,0,0,0,0,0,0,0,1,0,0,0,0,0,0,0,1,0,0,0,0,0,1,1,1,0,1,1,0,1
gebeurt op vakantie,happens on vacantion,10,1,0,1,1,0,0,1,0,0,0,0,0,1,0,0,0,1,1,0,1,1,0,0,0,1,1,1,1,1,1
geeft een kick,gives a kick,5,1,1,1,1,1,1,1,1,1,1,1,1,1,1,1,1,1,1,1,1,1,1,1,1,1,1,1,1,1,1
gokken,gamble,7,0,0,0,0,0,0,0,0,0,0,0,0,0,0,0,0,0,0,0,0,0,0,0,0,0,0,0,0,0,0
handen gebruiken,use hands,7,1,1,1,1,1,1,1,1,1,1,1,1,1,1,1,1,1,1,1,1,1,1,1,1,1,1,1,1,1,1
heeft een eigen terminologie,has its own terminology,13,0,0,0,0,0,0,0,0,0,0,0,0,0,0,0,0,0,0,0,0,0,0,0,0,0,0,0,0,0,0
heeft een pticher,has a pitcher,4,0,0,1,0,0,0,0,0,0,0,0,0,0,0,0,0,0,0,0,0,0,0,0,0,0,0,0,0,0,0
heeft een specifiek puntensysteem,has an specific point system,8,1,0,1,1,1,0,0,0,0,0,1,0,0,0,0,0,0,0,1,0,1,1,0,0,0,1,0,0,0,0
heeft houdgrepen,has holds,10,0,0,0,0,0,0,0,0,0,0,1,0,0,0,0,0,0,0,0,0,0,0,0,0,0,0,0,0,0,0
heeft lopers,has bishops,4,0,0,0,0,0,0,0,0,0,0,0,0,0,0,1,0,0,0,0,0,0,0,0,0,0,0,0,0,0,0
heeft spelregels,has some rules of play,22,1,0,1,1,1,1,1,1,1,1,1,1,1,1,1,1,1,1,1,1,1,1,1,1,1,1,1,1,1,1
heeft veel media-aandacht,has a lot of media attention,4,0,0,0,0,0,0,0,0,0,0,1,0,0,0,0,0,0,0,0,0,0,1,0,0,1,0,0,1,0,0
heeft verschillende accessoires,has several accessories,6,1,1,1,1,1,1,1,1,1,1,1,1,1,1,1,1,1,1,1,1,1,1,1,1,1,1,1,1,1,1
heeft verschillende disciplines,has different disciplines,6,0,1,0,0,0,0,0,0,0,0,0,0,0,0,0,0,1,0,0,0,0,0,1,0,0,0,0,0,0,0
heeft verschillende gewichtsklassen,has several weight,6,0,0,0,0,0,1,0,0,0,0,1,0,0,0,0,0,0,0,0,0,0,0,0,0,0,0,0,0,0,0
heeft verschillende kleuren van gordel volgens niveau,has several colours of belts in order of level,20,0,0,0,0,0,0,0,0,0,0,1,0,0,0,0,1,0,0,0,0,0,0,0,0,0,0,0,0,0,0
heeft verschillende stijlen,has several styles,21,0,1,0,0,1,0,0,0,0,0,0,0,1,0,0,0,1,0,0,1,0,0,1,0,0,0,0,1,1,1
Henin,Justine Henin is a famous player,4,0,0,0,0,0,0,0,0,0,0,0,0,0,0,0,0,0,0,0,0,0,1,0,0,0,0,0,0,0,0
het balletje maakt een tikkend geluid,the ball makes a tapping noise,5,0,0,0,0,0,0,0,0,0,0,0,0,0,0,0,0,0,0,0,0,1,0,0,0,0,0,0,0,0,0
het record is rond de acht meter,the record is around 8 metres,4,0,0,0,0,0,0,0,0,0,0,0,0,0,0,0,0,0,0,0,0,0,0,0,1,0,0,0,0,0,0
homerun maken,make a home run,8,0,0,1,0,0,0,0,0,0,0,0,0,0,0,0,0,0,0,0,0,0,0,0,0,0,0,0,0,0,0
iedereen kan het,everybody can do it,4,0,0,0,0,0,0,0,0,0,0,0,0,0,0,0,0,0,0,0,0,0,0,0,0,0,0,0,0,0,0
in een zandbak springen,jumping in a sandbox,10,0,0,0,0,0,0,0,0,0,0,0,0,0,0,0,0,0,0,0,0,0,0,0,1,0,0,0,0,0,0
is actief,is active,6,1,1,1,1,0,1,1,0,1,1,1,1,1,1,0,1,1,0,1,1,1,1,1,1,1,1,1,1,1,1
is afkomstig van de Oude Grieken,is originating from the Greek,4,0,0,0,0,0,0,0,0,0,0,0,0,0,0,0,0,0,0,0,0,0,0,0,0,0,0,0,0,0,0
is agressief,is aggressive,10,0,0,0,0,0,1,0,0,0,0,0,0,0,0,0,0,0,0,0,0,0,0,0,0,0,0,0,0,0,0
is duur,is expensive,18,0,0,0,0,0,0,0,0,0,0,0,0,1,0,0,1,1,0,0,1,0,0,0,0,0,0,0,0,1,0
is een activiteit,is an activity,4,1,1,1,1,1,0,1,1,1,1,1,1,1,1,1,1,1,1,1,1,1,1,1,1,1,1,1,1,1,1
is een balsport,is a ball sport,17,0,0,1,1,1,0,1,1,0,0,0,0,0,1,0,0,0,0,1,0,1,1,0,0,1,1,0,0,0,0
is een cafésport,is practised in a café,5,0,0,0,0,1,0,0,0,0,0,0,0,0,0,0,0,0,0,0,0,0,0,0,0,1,0,0,0,0,0
is een dansvorm,is a kind of dancing,15,0,1,0,0,0,0,0,0,0,0,0,0,0,0,0,0,0,0,0,0,0,0,0,0,0,0,0,0,0,0
is een deel van triatlon,is a part of triathlon,4,0,0,0,0,0,0,0,0,0,0,0,0,0,0,0,0,0,0,0,0,0,0,0,0,0,0,0,1,0,1
is een denksport,is a mental game,7,0,0,0,0,0,0,0,0,0,0,0,0,0,0,1,0,0,0,0,0,0,0,0,0,0,0,0,0,0,0
is een discipline binnen de atletieksport,is a discipline within athletics,30,0,0,0,0,0,0,0,0,1,0,0,1,0,0,0,0,0,0,0,0,0,0,0,1,0,0,0,0,0,0
is een fysieke activiteit,is a physical activity,4,0,0,0,0,0,0,0,0,0,0,0,0,0,0,1,0,0,0,0,0,0,0,0,0,0,0,0,0,0,0
is een gevechtsport,is a fighting sport,27,0,0,0,0,0,1,0,0,0,0,1,0,0,0,0,1,0,0,0,0,0,0,0,0,0,0,0,0,0,0
is een gezelschapspel,is a party game,7,0,0,0,0,0,0,0,0,0,0,0,0,0,0,1,0,0,0,0,0,0,0,0,0,0,0,0,0,0,0
is een hobby,is a hobby,17,0,0,0,0,0,0,0,0,0,0,0,0,0,0,0,0,0,0,0,0,0,0,0,0,0,1,0,0,0,0
is een individuele sport,is practised alone,9,1,1,0,0,1,1,1,0,1,0,1,1,1,0,1,1,1,1,1,1,1,1,1,1,0,0,1,1,1,1
is een intensieve sport,is an intensive sport,4,1,1,1,1,0,1,0,1,1,1,1,1,1,1,0,1,1,0,1,1,1,1,1,1,1,1,0,1,1,1
is een manier om zich te verplaatsen,is a kind of moving himself,5,0,0,0,0,0,0,0,0,1,0,0,0,1,0,0,0,1,0,0,1,0,0,0,0,0,0,1,1,1,1
is een olympische discipline,is an olympic discipline,79,1,0,0,1,0,1,0,1,1,1,1,1,1,0,0,1,1,0,0,0,1,1,1,1,1,1,1,1,1,1
is een ploegsport,is a teamsport,46,1,0,1,1,0,0,0,1,0,1,0,0,0,1,0,0,0,0,0,0,0,1,0,0,1,1,0,0,0,0
is een rustige sport,is a tranquil sport,4,0,1,0,0,1,0,1,0,0,0,0,0,0,0,1,0,0,1,0,1,0,0,0,0,0,0,1,0,0,0
is een ruwe sport,is a rough sport,18,0,0,0,0,0,1,0,0,0,0,0,0,0,1,0,0,0,0,0,0,0,0,0,0,0,0,0,0,0,0
is een spel,is a game,24,1,0,1,1,1,1,0,1,0,1,0,0,1,1,1,1,1,0,1,0,1,1,0,0,1,1,0,0,0,0
is een sport,is a sport,264,1,1,1,1,1,1,1,1,1,1,1,1,1,1,0,1,1,1,1,1,1,1,1,1,1,1,1,1,1,1
is een sport met acrobatie,is a sport with acrobatics,9,0,0,0,0,0,0,0,0,0,0,0,0,0,0,0,0,0,0,0,0,0,0,1,0,0,0,0,0,0,0
is een watersport,is a water sport,8,0,0,0,0,0,0,0,0,0,0,0,0,0,0,0,0,0,0,0,1,0,0,0,0,0,0,0,0,1,1
is een werkwoord,is a verb,7,1,0,1,1,1,1,1,1,1,1,1,1,1,1,1,1,1,1,1,1,1,1,1,1,1,1,1,0,1,1
is eeuwen oud,is age-old,14,0,0,1,1,1,1,0,0,1,0,1,1,1,1,0,0,0,0,0,0,0,0,1,1,1,0,1,1,0,1
is elegant,is elegant,17,0,1,0,0,0,0,0,0,0,0,0,0,0,0,0,0,0,0,0,0,0,0,1,0,0,0,0,0,0,0
is elitair,is elitist,9,0,0,0,0,0,0,0,0,0,0,0,0,1,0,0,0,0,0,0,0,0,1,0,0,0,0,0,0,0,0
is geen olympische discipline,is not an olympic discipline,5,0,1,1,0,1,0,1,0,0,0,0,0,0,1,1,0,0,1,1,1,0,0,0,0,0,0,1,0,0,0
is gevaarlijk,is dangerous,18,0,0,0,0,0,1,0,0,0,0,0,0,0,0,0,0,0,0,0,0,0,0,0,0,0,0,0,0,0,0
is gewelddadig,is violent,10,0,0,0,0,0,1,0,0,0,0,0,0,0,0,0,0,0,0,0,0,0,0,0,0,0,0,0,0,0,0
is gezond,is healthy,23,1,0,1,1,0,0,0,1,1,1,1,1,1,1,0,1,1,0,1,1,1,1,1,1,1,1,1,1,1,1
is goed voor de conditie,is good for the condition,12,1,1,1,1,0,1,0,1,1,1,0,0,0,1,0,0,1,0,1,1,1,1,0,1,1,1,1,1,0,1
is hard,is hard,12,0,0,0,0,0,1,0,0,1,0,0,0,0,1,0,0,0,0,0,0,0,0,0,0,0,0,0,0,0,0
is koud ,is cold,7,0,0,0,0,0,0,0,0,0,1,0,0,0,0,0,0,1,0,0,0,0,0,0,0,0,0,0,0,0,0
is leuk,is fun,39,1,0,1,1,0,0,0,1,1,1,0,1,0,1,0,0,1,0,0,0,1,0,0,1,1,1,1,0,0,1
is meestal een mannensport,is mostly practised by men,6,0,0,1,0,1,1,0,0,0,0,0,0,0,1,1,0,0,1,0,0,0,0,0,0,0,0,0,0,0,0
is moeilijk,is dificult,31,0,1,1,1,1,1,1,0,0,1,1,0,1,0,1,1,0,0,0,1,0,1,1,0,0,0,0,0,1,0
is moeilijk om te leren,is difficult to learn,4,0,0,0,0,0,0,0,0,0,0,0,0,0,0,1,0,0,0,0,0,0,0,0,0,0,0,0,0,0,0
is mooi om te zien,is beautiful to see,5,0,1,0,0,0,0,0,0,1,0,0,0,1,0,0,0,0,0,0,0,0,0,1,0,0,0,0,0,0,0
is niet leuk,is not fun,4,0,1,0,0,1,1,1,0,0,0,0,0,0,0,1,1,0,1,0,0,0,0,0,0,0,0,0,1,0,0
is ontspannend,is relaxing,45,1,0,1,1,1,0,0,1,0,0,0,0,1,0,0,0,1,0,0,1,1,0,0,0,1,1,1,0,0,1
is populair,is popular,16,0,0,0,1,0,0,0,0,1,0,1,0,0,0,0,0,1,0,1,0,0,1,0,0,1,1,0,1,0,1
is populair bij jonge meisjes,is popular with young girls,8,1,0,0,0,0,0,0,0,0,0,0,0,1,0,0,0,0,0,0,0,0,1,0,0,0,0,0,0,0,1
is populair in Amerika,is popular in America,36,0,0,1,1,0,1,0,0,1,1,0,1,0,1,0,0,0,0,0,1,0,1,1,1,0,0,0,0,0,1
is populair in België,is popular in Belgium,5,0,0,0,1,0,0,0,1,1,0,1,0,1,0,0,0,0,0,1,0,0,1,1,0,1,1,0,1,0,1
is populair in Groot-Brittannië,is popular in Great Britain,4,0,0,1,1,0,1,0,0,0,0,0,0,1,1,1,0,0,0,1,0,0,1,0,0,1,0,0,0,0,0
is rustgevend,is restful,6,0,0,0,0,0,0,0,0,0,0,0,0,0,0,0,0,0,0,0,0,0,0,0,0,0,0,0,0,0,0
is saai,is boring,13,0,1,0,0,1,1,1,0,0,0,0,0,0,0,1,1,0,1,0,0,0,0,0,0,0,0,0,0,0,0
is tijdrovend,is time-consuming,4,0,0,0,0,0,0,0,0,0,0,0,0,0,0,0,0,0,0,0,0,0,0,0,0,0,0,0,0,0,0
is vermoeiend,is tiring,50,1,1,1,1,0,1,0,1,1,1,1,1,1,1,0,1,1,0,1,1,1,1,1,1,1,1,0,1,1,1
is weinig populair,is little popular,13,1,1,0,0,1,1,1,1,1,1,0,1,0,1,1,1,0,1,0,0,1,0,0,0,0,0,1,0,0,0
is zwaar,is hard,8,1,1,1,1,1,1,1,1,1,1,1,1,1,1,0,1,1,1,1,1,1,1,1,1,1,1,0,1,1,1
kan als competitie of ontspanning beoefend worden,can be practised both as competition or as relaxing,4,1,1,1,1,1,1,1,1,1,1,1,1,1,1,1,1,1,1,1,1,1,1,1,1,1,1,1,1,1,1
kan als professioneel of amateur beoefend worden,can be practised both as professional or as amateur,4,1,1,1,1,1,1,1,1,1,1,1,1,1,1,1,1,1,1,1,1,1,1,1,1,1,1,1,1,1,1
kan beoefend worden in het bos,can be practised in the woods,4,0,0,0,0,0,0,0,0,0,0,0,0,1,0,0,0,0,0,0,0,0,0,0,0,0,0,1,0,0,0
kan beoefend worden met computer,can be practised with a computer,13,0,0,0,0,0,0,0,0,0,0,0,0,0,0,1,0,0,0,0,0,0,0,0,0,0,0,0,0,0,0
kan binnen en buiten beoefend worden,can be practised indoor or outdoor,20,1,0,0,1,0,0,0,0,1,0,0,1,1,0,1,1,0,0,0,0,1,1,0,1,1,1,0,0,0,1
kan blaren veroorzaken,can cause blisters,4,1,1,1,1,0,1,0,1,1,1,0,1,1,1,0,1,1,0,1,0,1,1,0,1,1,1,1,1,0,0
kan buiten worden beoefend,can be practised outdoor,7,1,1,1,1,1,1,1,1,1,1,1,1,1,1,1,1,1,1,1,1,1,1,1,1,1,1,1,1,1,1
kan een beroep zijn,can be a profession,6,1,1,1,1,1,1,1,1,1,1,1,1,1,1,1,1,1,1,1,1,1,1,1,1,1,1,1,1,1,1
kan enkel in water,can only take place in water,17,0,0,0,0,0,0,0,0,0,0,0,0,0,0,0,0,0,1,0,1,0,0,0,0,0,0,0,0,1,1
kan gevaarlijk zijn,can be dangerous,15,0,0,0,0,0,1,0,0,0,0,0,0,0,0,0,0,0,0,0,0,0,0,0,0,0,0,0,0,0,0
kan in alle weersomstandigheden worden beoefend,can be practised in all weather conditions,4,1,1,1,1,1,1,0,1,1,1,1,1,1,1,1,1,0,1,1,0,1,1,1,1,0,1,0,0,0,1
kan in café worden gespeeld,can be practised in a café,5,0,0,0,0,1,0,0,0,0,0,0,0,0,0,0,0,0,0,0,0,0,0,0,0,0,0,0,0,0,0
kan in competitie worden beoefend,can be practised in competition,118,1,0,1,1,1,1,1,1,1,1,1,1,1,1,1,1,1,1,1,1,1,1,1,1,1,1,0,1,1,1
kan in de tuin gespeeld worden,can be practised in the garden,4,1,0,1,0,0,0,1,1,1,0,1,1,0,1,1,1,0,0,0,0,1,0,1,1,1,1,1,0,0,0
kan individueel worden beoefend,can be practised alone,6,1,1,0,0,1,1,1,0,1,1,1,1,1,0,1,1,1,1,1,1,1,1,1,1,0,0,1,1,1,1
kan met twee of vier personen gespeeld worden,can be practised with two or four persons,5,1,0,0,0,0,0,0,0,0,0,0,0,0,0,0,0,0,0,0,0,1,1,0,0,0,0,0,0,0,0
kan met vier spelers worden beoefend,can be practised with four players,11,1,0,0,0,0,0,0,0,0,0,0,0,0,0,0,0,0,0,0,0,0,1,0,0,0,0,0,0,0,0
kan ook binnen worden beoefend,can be practised indoor,5,1,1,1,1,1,1,0,1,1,1,1,1,1,1,1,1,1,0,1,0,1,1,1,1,1,1,0,1,0,1
kan op strand beoefend worden,can be practised on the beach,9,1,0,1,0,0,1,0,1,0,0,1,1,1,1,1,1,0,0,0,0,1,0,1,1,1,1,1,0,0,0
kan overal worden beoefend,can be practised everywhere,6,0,0,0,0,0,0,0,0,0,0,0,0,0,0,1,0,0,0,0,0,0,0,0,0,0,0,0,0,0,0
kan pijn aan voeten veroorzaken,can cause painful feet,4,1,1,1,1,0,1,0,1,1,1,1,0,0,1,0,0,1,0,1,0,1,1,1,1,1,1,1,0,0,0
kan pijn doen indien geraakt door bal,can hurt if hit by the ball,5,0,0,1,0,1,0,1,0,0,0,0,0,0,0,0,0,0,0,1,0,0,1,0,0,0,0,0,0,0,0
kan pijn veroorzaken,can cause pain,11,1,1,1,1,1,1,1,1,1,1,1,1,1,1,0,1,1,1,1,1,1,1,1,1,1,1,1,1,1,1
kan snel gaan,can be fast,6,1,1,1,1,0,0,0,1,1,1,0,0,1,1,0,0,1,0,1,1,1,1,1,1,1,1,1,1,1,1
kan worden beoefend op zee,can be practised at sea,4,0,0,0,0,0,0,0,0,0,0,0,0,0,0,0,0,0,0,0,1,0,0,0,0,0,0,0,0,1,0
kan worden gespeeld in clubverband,can be practised in a club,7,1,1,1,1,1,1,1,1,1,1,1,1,1,1,1,1,1,1,1,1,1,1,1,1,1,1,1,1,1,1
kogel wegstoten,put the shot,8,0,0,0,0,0,0,0,0,0,0,0,1,0,0,0,0,0,0,0,0,0,0,0,0,0,0,0,0,0,0
komt uit Amerika,is originating from America,20,0,0,1,1,0,1,0,0,0,0,0,0,0,1,0,0,0,0,0,0,0,0,0,0,0,0,0,0,0,0
komt uit Azië,is originating from Asia,5,0,0,0,0,0,0,0,0,0,0,1,0,0,0,0,0,0,0,0,0,0,0,0,0,0,0,0,0,0,0
komt uit China,is originating from China,4,0,0,0,0,0,0,0,0,0,0,0,0,0,0,0,0,0,0,0,0,0,0,0,0,0,0,0,0,0,0
komt uit Japan,is originating from Japan,8,0,0,0,0,0,0,0,0,0,0,1,0,0,0,0,0,0,0,0,0,0,0,0,0,0,0,0,0,0,0
komt uit Verenigd Koninkrijk,is originating from the United Kingdom,5,1,0,0,0,0,0,0,1,0,0,0,0,1,0,0,0,0,0,0,0,0,0,0,0,0,0,0,0,0,0
komt voor in televisieuitzending,it is shown in television programmes,24,1,0,0,1,1,1,0,1,1,1,1,1,1,0,0,1,1,0,0,0,1,1,1,1,1,1,0,1,1,1
kunnen vallen,people can fall,7,0,0,0,0,0,0,0,0,0,0,0,0,0,0,0,0,1,0,0,1,0,0,1,0,1,0,0,1,0,0
lang nadenken,thinking long,8,0,0,0,0,1,0,0,0,0,0,0,0,0,0,1,0,0,0,0,0,0,0,0,0,0,0,0,0,0,0
lijkt op poolen,looks like pooll,4,0,0,0,0,1,0,0,0,0,0,0,0,0,0,0,0,0,0,0,0,0,0,0,0,0,0,0,0,0,0
lijkt op tennis,looks like tennis,9,1,0,0,0,0,0,0,0,0,0,0,0,0,0,0,0,0,0,0,0,1,1,0,0,0,0,0,0,0,0
lopen,run,16,0,0,1,1,0,0,0,1,1,1,0,0,0,1,0,0,0,0,0,0,0,1,0,1,1,0,0,0,0,0
men kan verwond geraken,people can get wounded,4,1,1,1,1,0,1,1,1,1,1,1,1,1,1,0,1,1,1,1,1,1,1,1,1,1,1,1,1,1,1
Merckx,Eddy Merckx was a famous character,4,0,0,0,0,0,0,0,0,0,0,0,0,0,0,0,0,0,0,0,0,0,0,0,0,0,0,0,1,0,0
met skilift naar boven gaan,go up with a ski lift,7,0,0,0,0,0,0,0,0,0,0,0,0,0,0,0,0,1,0,0,0,0,0,0,0,0,0,0,0,0,0
"minst verre plaats waar je valt, telt","the closest point of your fall to the startingpoint, counts",4,0,0,0,0,0,0,0,0,0,0,0,0,0,0,0,0,0,0,0,0,0,0,0,1,0,0,0,0,0,0
moet geleerd worden,must be learned,9,0,1,0,0,0,0,0,0,0,1,1,0,1,0,1,1,1,0,0,1,0,0,1,0,0,0,0,0,1,1
nat worden,become wet,11,0,0,0,0,0,0,0,0,0,0,0,0,0,0,0,0,0,0,0,1,0,0,0,0,0,0,0,0,1,1
niet met bal lopen,it is not allowed to run with the ball,4,0,0,1,1,0,0,1,0,0,0,0,0,0,1,0,0,0,0,0,0,0,0,0,0,1,1,0,0,0,0
om jezelf te verdedigen,to protect yourself,9,0,0,0,0,0,1,0,0,0,0,1,0,0,0,0,1,0,0,0,0,0,0,0,0,0,0,0,0,0,0
op een bal slaan,hit a ball,8,0,0,1,0,0,0,1,0,0,0,0,0,0,0,0,0,0,0,1,0,1,1,0,0,0,1,0,0,0,0
op tenen staan ,stand on tiptoe,4,0,1,0,0,0,0,0,0,0,0,0,0,0,0,0,0,0,0,0,0,0,0,0,0,0,0,0,0,0,0
petje dragen,wearing a cap,5,0,0,1,0,0,0,0,0,0,0,0,0,1,0,0,0,0,1,0,0,0,0,0,0,0,0,1,1,0,0
Saive,Saive is a famous player,10,0,0,0,0,0,0,0,0,0,0,0,0,0,0,0,0,0,0,0,0,1,0,0,0,0,0,0,0,0,0
schoolslag is een stijl,breast stroke is a style,4,0,0,0,0,0,0,0,0,0,0,0,0,0,0,0,0,0,0,0,0,0,0,0,0,0,0,0,0,0,1
scoren om te winnen,score to win,10,1,0,1,1,1,1,1,1,0,1,1,0,0,1,1,1,0,0,1,0,1,1,0,0,1,1,0,0,0,0
skipak dragen,wearing a ski suit,6,0,0,0,0,0,0,0,0,0,0,0,0,0,0,0,0,1,0,0,0,0,0,0,0,0,0,0,0,0,0
slecht voor bepaalde delen van het lichaam,is bad for certain parts of the body,9,0,1,0,0,0,1,0,0,0,0,0,0,0,0,0,0,0,0,0,0,0,0,0,0,0,0,0,0,0,0
smashen,smash,9,1,0,0,0,0,0,0,0,0,0,0,0,0,0,0,0,0,0,1,0,1,1,0,0,0,1,0,0,0,0
snel kunnen lopen,run fast,5,0,0,1,0,0,0,0,0,1,0,0,0,0,1,0,0,0,0,0,0,0,1,0,1,1,0,0,0,0,0
spieren ontwikkelen,develop muscles,10,1,1,1,1,0,1,1,1,1,1,1,1,1,1,0,0,0,0,1,1,1,1,1,1,1,1,0,1,1,1
spitsen,point,5,0,0,0,0,0,0,0,0,0,0,0,0,0,0,0,0,0,0,0,0,0,0,0,0,1,0,0,0,0,0
sportief zijn,be sportsmanlike,8,1,1,1,1,1,1,1,1,1,1,1,1,1,1,0,1,1,1,1,1,1,1,1,1,1,1,0,1,1,1
springen,jump,8,0,0,0,0,0,0,0,0,0,0,0,0,1,0,0,0,0,0,0,0,0,0,1,1,0,1,0,0,0,0
sprinten,sprint,5,0,0,0,0,0,0,0,0,1,0,0,0,0,0,0,0,0,0,0,0,0,0,0,0,0,0,0,0,0,0
stil moeten zijn,being quiet,8,0,1,0,0,0,0,0,0,0,0,0,0,0,0,1,1,0,1,0,0,0,0,1,0,0,0,0,0,0,0
supporters moedigen de spelers aan,supporters encourage the players,12,1,0,1,1,0,1,0,1,1,1,1,0,0,1,0,0,0,0,0,0,1,1,0,1,1,1,0,1,0,1
tegen bal trappen,kick a ball,6,0,0,0,0,0,0,0,0,0,0,0,0,0,1,0,0,0,0,0,0,0,0,0,0,1,0,0,0,0,0
terrein heeft 'hole' waar bal in moet,is practised on a field with several holes,4,0,0,0,0,0,0,0,1,0,0,0,0,0,0,0,0,0,0,0,0,0,0,0,0,0,0,0,0,0,0
tijdens de activiteit draagt men een beugel,wearing a brace,7,0,0,0,0,0,1,0,0,0,0,0,0,0,1,0,0,0,0,0,0,0,0,0,0,0,0,0,0,0,0
Tour de France is een bekende wedstrijd,Tour de France is a famous competition,8,0,0,0,0,0,0,0,0,0,0,0,0,0,0,0,0,0,0,0,0,0,0,0,0,0,0,0,1,0,0
tutu dragen,wearing a tutu,10,0,1,0,0,0,0,0,0,0,0,0,0,0,0,0,0,0,0,0,0,0,0,0,0,0,0,0,0,0,0
vergt aangepaste kledij,needs adapted clothing,41,1,1,1,1,0,1,0,1,1,1,1,1,1,1,0,1,1,0,1,1,1,1,1,1,1,1,0,1,1,1
vergt discipline,needs discipline,4,1,1,1,1,1,1,1,1,1,1,1,1,1,1,1,1,1,1,1,1,1,1,1,1,1,1,1,1,1,1
vergt een aantal ballen,needs a number of balls,7,0,0,0,0,1,0,0,0,0,0,0,0,0,0,0,0,0,0,0,0,0,0,0,0,0,0,0,0,0,0
vergt een aantal zeilen die de wind vangen,needs a number of sails that catch the wind,7,0,0,0,0,0,0,0,0,0,0,0,0,0,0,0,0,0,0,0,0,0,0,0,0,0,0,0,0,1,0
vergt een basketbalring,needs a ring,4,0,0,0,1,0,0,0,0,0,0,0,0,0,0,0,0,0,0,0,0,0,0,0,0,0,0,0,0,0,0
vergt een goede conditie,needs a good condition,24,1,1,1,1,0,1,0,1,1,1,1,1,1,1,0,1,1,0,1,1,1,1,1,1,1,1,0,1,1,1
vergt een net ,needs a net,21,1,0,0,0,0,0,0,0,0,0,0,0,0,0,0,0,0,0,0,0,1,1,0,0,0,1,0,0,0,0
vergt een tafel met een aantal gaten,needs a table with a number of holes,7,0,0,0,0,1,0,0,0,0,0,0,0,0,0,0,0,0,0,0,0,0,0,0,0,0,0,0,0,0,0
vergt een zadel,needs a saddle,8,0,0,0,0,0,0,0,0,0,0,0,0,1,0,0,0,0,0,0,0,0,0,0,0,0,0,0,1,0,0
vergt een zeil,needs a sail,10,0,0,0,0,0,0,0,0,0,0,0,0,0,0,0,0,0,0,0,1,0,0,0,0,0,0,0,0,1,0
vergt goede schoenen,needs good shoes,6,1,1,1,1,0,0,0,1,1,1,0,0,0,1,0,0,1,0,1,0,0,1,0,0,1,1,1,1,0,0
vergt kracht,needs power,13,0,0,1,0,0,1,0,0,1,0,0,1,0,1,0,0,0,0,0,1,0,1,1,1,0,1,0,0,1,1
vergt paarden,needs horses,5,0,0,0,0,0,0,0,0,0,0,0,0,1,0,0,0,0,0,0,0,0,0,0,0,0,0,0,0,0,0
vergt specifieke technieken,needs specific skills,26,0,1,0,0,1,1,0,0,0,0,0,1,1,0,0,1,1,0,0,1,0,1,1,0,0,0,0,0,1,1
vergt sportieve kledij,needs sporty clothing,5,1,1,1,1,0,1,1,1,1,1,1,1,1,1,0,1,1,0,1,1,1,1,1,1,1,1,0,1,1,1
vergt sterke armspieren,needs strong arm muscles,11,0,0,0,0,0,1,0,0,0,0,0,1,0,0,0,0,0,0,0,1,0,0,1,0,0,0,0,0,0,0
vergt strategisch inzicht,needs strategic insight,6,0,0,0,0,0,0,0,0,0,0,0,0,0,0,1,0,0,0,0,0,0,0,0,0,0,0,0,0,0,0
vergt veel geduld,needs a lot of patience,10,0,0,0,0,1,0,1,0,0,0,1,0,0,0,1,0,0,1,0,0,0,0,0,0,0,0,0,0,0,0
vergt veel inspanning,needs a lot of effort,25,1,1,1,1,0,1,0,1,1,1,1,0,1,1,0,1,1,0,1,1,1,1,1,1,1,1,0,1,1,1
vergt veel training,needs a lot of training,26,1,1,1,1,1,1,1,1,1,1,1,1,1,1,1,1,1,0,1,1,1,1,1,1,1,1,0,1,1,1
vergt veel wind,needs a lot of wind,23,0,0,0,0,0,0,0,0,0,0,0,0,0,0,0,0,0,0,0,1,0,0,0,0,0,0,0,0,1,0
vergt weinig inspanning,needs little effort,5,0,0,0,0,1,0,0,1,0,0,0,0,0,0,1,0,0,1,0,0,0,0,0,0,0,0,0,0,0,0
voor mensen met spieren,is practised by muscled people,4,0,0,0,0,0,1,0,0,0,0,0,0,0,1,0,0,0,0,0,0,0,0,0,0,0,0,0,0,0,0
voorkomt verdrinken,prevents downing,5,0,0,0,0,0,0,0,0,0,0,0,0,0,0,0,0,0,0,0,0,0,0,0,0,0,0,0,0,0,1
voortbewegen op ijschaatsen,move forward on ice skates,8,0,0,0,0,0,0,0,0,0,1,0,0,0,0,0,0,0,0,0,0,0,0,0,0,0,0,0,0,0,0
vorm van bewegen,kind of movement,8,0,1,0,0,0,0,0,0,0,0,1,0,0,0,0,0,1,0,0,0,0,0,1,0,0,0,0,0,0,1
werd beoefend door ridders,has been practised by knights,4,0,0,0,0,0,0,0,0,0,0,0,0,1,0,0,1,0,0,0,0,0,0,0,0,0,0,0,0,0,0
wordt aangeleerd in een balletschool,is learnt in ballet schools,4,0,1,0,0,0,0,0,0,0,0,0,0,0,0,0,0,0,0,0,0,0,0,0,0,0,0,0,0,0,0
wordt alleen of in groep beoefend,is practised alone or in group,7,0,0,1,1,0,0,0,1,0,1,0,0,0,1,0,0,0,0,0,0,0,0,0,0,1,1,0,0,0,0
wordt begeleid door muziek,is accompanied by music,15,0,1,0,0,0,0,0,0,0,0,0,0,0,0,0,0,0,0,0,0,0,0,1,0,0,0,0,0,0,0
wordt beoefend bij een laag net,is practised with a low net,5,0,0,0,0,0,0,0,0,0,0,0,0,0,0,0,0,0,0,0,0,1,1,0,0,0,0,0,0,0,0
wordt beoefend bij een meer,is practised at a lake,11,1,1,1,1,1,1,1,1,1,1,1,1,1,1,1,1,1,1,1,1,1,1,1,1,1,1,1,1,1,1
wordt beoefend bij mooi weer,is practised in good weather,7,0,0,0,0,0,0,0,1,0,0,0,1,1,0,0,0,1,0,1,0,0,0,0,1,0,0,1,1,1,0
wordt beoefend door atleten,is practised by athletes,5,0,0,0,0,0,0,0,0,1,0,0,1,0,0,0,0,0,0,0,0,0,0,0,1,0,0,0,0,0,0
wordt beoefend door een ruiter,is practised by a horseman,4,0,0,0,0,0,0,0,0,0,0,0,0,1,0,0,0,0,0,0,0,0,0,0,0,0,0,0,0,0,0
wordt beoefend door lenige mensen,is practised by pliant people,25,0,1,0,0,0,0,0,0,0,0,1,0,0,0,0,0,0,0,0,0,0,0,1,0,0,0,0,0,0,0
wordt beoefend door rijke mensen,is practised by rich people,11,0,0,0,0,0,0,0,1,0,0,0,0,0,0,0,0,0,0,0,0,0,0,0,0,0,0,0,0,0,0
wordt beoefend door slimme mensen,is practised by smart people,5,0,0,0,0,0,0,0,0,0,0,0,0,0,0,1,0,0,0,0,0,0,0,0,0,0,0,0,0,0,0
wordt beoefend door snobs,is practised by snobs,4,0,0,0,0,0,0,0,1,0,0,0,0,0,0,1,0,0,0,0,0,0,0,0,0,0,0,0,0,0,0
wordt beoefend door twee of meer spelers,is practised by two or more players,4,1,0,1,1,1,1,0,1,0,1,1,0,0,1,1,1,0,0,1,0,1,1,0,0,1,1,0,0,0,0
wordt beoefend door twee of vier spelers,is practised by two or four players,20,1,0,0,0,1,1,0,0,0,0,1,0,0,0,1,1,0,0,1,0,1,1,0,0,0,0,0,0,0,0
wordt beoefend door zes spelers per ploeg,is practised by six players in a team,16,0,0,0,0,0,0,0,1,0,0,0,0,0,0,0,0,0,0,0,0,0,0,0,0,0,1,0,0,0,0
wordt beoefend in de bergen,is practised in the mountains,17,0,0,0,0,0,0,0,0,0,0,0,0,0,0,0,0,1,0,0,0,0,0,0,0,0,0,0,1,0,0
wordt beoefend in de natuur,is practised in nature,9,0,0,0,0,0,0,0,0,0,0,0,0,1,0,0,0,1,1,0,1,0,0,0,0,0,0,1,1,1,0
wordt beoefend in een boksring,is practised in a boxing ring,16,0,0,0,0,0,1,0,0,0,0,0,0,0,0,0,0,0,0,0,0,0,0,0,0,0,0,0,0,0,0
wordt beoefend in een gesloten ruimte,is practised in a closed room,4,0,0,0,0,0,0,0,0,0,0,0,0,0,0,0,0,0,0,1,0,0,0,0,0,0,0,0,0,0,0
wordt beoefend in een kleine ruimte,is practised in a small room,5,0,0,0,0,0,0,0,0,0,0,0,0,0,0,0,0,0,0,1,0,0,0,0,0,0,0,0,0,0,0
wordt beoefend in een manege,is practised in a arena,12,0,0,0,0,0,0,0,0,0,0,0,0,1,0,0,0,0,0,0,0,0,0,0,0,0,0,0,0,0,0
wordt beoefend in een ruimte met glazen deuren,is practised in a room with glass doors,5,0,0,0,0,0,0,0,0,0,0,0,0,0,0,0,0,0,0,1,0,0,0,0,0,0,0,0,0,0,0
wordt beoefend in een ruimte met rode afbakeningslijnen op de muur,is practised in a room with red marking lines on the wall,7,0,0,0,0,0,0,0,0,0,0,0,0,0,0,0,0,0,0,1,0,0,0,0,0,0,0,0,0,0,0
wordt beoefend in een zaal,is practised in a hall,31,1,1,0,1,1,1,0,1,0,1,1,0,0,0,1,1,0,0,1,0,1,1,1,0,0,1,0,0,0,1
wordt beoefend in een zwembad,is practised in a swimming pool,11,0,0,0,0,0,0,0,0,0,0,0,0,0,0,0,0,0,0,0,0,0,0,0,0,0,0,0,0,0,1
wordt beoefend in het bos,is practised in the woods,7,0,0,0,0,0,0,0,0,0,0,0,0,0,0,0,0,0,0,0,0,0,0,0,0,0,0,1,0,0,0
wordt beoefend in jeugdbeweging,is practised at the youth movement,6,1,0,1,1,0,0,0,1,1,0,0,0,0,1,0,0,0,0,0,0,1,0,0,0,1,1,1,0,0,1
wordt beoefend in roze kledij,is practised in pink clothing,10,0,1,0,0,0,0,0,0,0,0,0,0,0,0,0,0,0,0,0,0,0,0,0,0,0,0,0,0,0,0
wordt beoefend in spannende kledij,is practised in tight clothing,5,0,1,0,0,0,0,0,0,1,0,0,0,0,0,0,1,0,0,0,0,0,0,0,0,0,0,0,1,0,1
wordt beoefend in witte beschermkledij,is practised with white protective clothing,10,0,0,0,0,0,0,0,0,0,0,0,0,0,0,0,1,0,0,0,0,0,0,0,0,0,0,0,0,0,0
wordt beoefend met bal en bat,is practised with a ball and a bat,6,0,0,1,0,0,0,0,0,0,0,0,0,0,0,0,0,0,0,0,0,0,0,0,0,0,0,0,0,0,0
wordt beoefend met ballen van verschillende gewichten,is practised with balls of different weight,6,0,0,0,0,0,0,0,0,0,0,0,0,0,0,0,0,0,0,0,0,0,0,0,0,0,0,0,0,0,0
wordt beoefend met balletschoenen,is practised with ballet shoes,8,0,1,0,0,0,0,0,0,0,0,0,0,0,0,0,0,0,0,0,0,0,0,0,0,0,0,0,0,0,0
wordt beoefend met beschermkledij,is practised with protective clothing,37,0,0,1,0,0,1,0,0,0,1,0,0,1,1,0,1,1,0,0,0,0,0,0,0,1,1,0,1,0,0
wordt beoefend met een aantal gekleurde ballen,is practised with a number of coloured balls,17,0,0,0,0,1,0,0,0,0,0,0,0,0,0,0,0,0,0,0,0,0,0,0,0,0,0,0,0,0,0
wordt beoefend met een bal,is practised with a ball,55,0,0,1,1,1,0,1,1,0,0,0,0,0,1,0,0,0,0,1,0,1,1,0,0,1,1,0,0,0,0
wordt beoefend met een bal die goed botst,is practised with a ball that bounces well,22,0,0,0,1,0,0,0,1,0,0,0,0,0,1,0,0,0,0,1,0,1,1,0,0,1,1,0,0,0,0
wordt beoefend met een bal met figuren,is practised with a ball with figures,7,0,0,0,0,0,0,0,0,0,0,0,0,0,0,0,0,0,0,0,0,0,0,0,0,0,0,0,0,0,0
wordt beoefend met een bal met puntjes voor de grip,is practised by a ball with blebs to improve the grip,4,0,0,0,0,0,0,1,0,0,0,0,0,0,0,0,0,0,0,0,0,0,0,0,0,0,0,0,0,0,0
wordt beoefend met een bal met witte en zwarte vakken,is practised with a ball with white and black squares,7,0,0,0,0,0,0,0,0,0,0,0,0,0,0,0,0,0,0,0,0,0,0,0,0,1,0,0,0,0,0
wordt beoefend met een baseballbat,is practised with a bat,13,0,0,1,0,0,0,0,0,0,0,0,0,0,0,0,0,0,0,0,0,0,0,0,0,0,0,0,0,0,0
wordt beoefend met een boot,is practised with a boat,16,0,0,0,0,0,0,0,0,0,0,0,0,0,0,0,0,0,0,0,0,0,0,0,0,0,0,0,0,1,0
wordt beoefend met een degen,is practised with a sword,23,0,0,0,0,0,0,0,0,0,0,0,0,0,0,0,1,0,0,0,0,0,0,0,0,0,0,0,0,0,0
wordt beoefend met een fiets,is practised with a bicycle,24,0,0,0,0,0,0,0,0,0,0,0,0,0,0,0,0,0,0,0,0,0,0,0,0,0,0,0,1,0,0
wordt beoefend met een genaaide bal,is practised with a sewed ball,4,0,0,0,0,0,0,0,0,0,0,0,0,0,1,0,0,0,0,0,0,0,0,0,0,0,0,0,0,0,0
wordt beoefend met een grote bal,is practised with a big ball,4,0,0,0,1,0,0,0,0,0,0,0,0,0,1,0,0,0,0,0,0,0,0,0,0,1,1,0,0,0,0
wordt beoefend met een harde bal,is practised with a hard ball,21,0,0,1,0,1,0,1,0,0,0,0,0,0,0,0,0,0,0,1,0,0,0,0,0,0,0,0,0,0,0
wordt beoefend met een hengel,is practised with a fishing rod,20,0,0,0,0,0,0,0,0,0,0,0,0,0,0,0,0,0,1,0,0,0,0,0,0,0,0,0,0,0,0
wordt beoefend met een hoog net,is practised with a high net,5,1,0,0,0,0,0,0,0,0,0,0,0,0,0,0,0,0,0,0,0,0,0,0,0,0,1,0,0,0,0
wordt beoefend met een keu,is practised with a cue,19,0,0,0,0,1,0,0,0,0,0,0,0,0,0,0,0,0,0,0,0,0,0,0,0,0,0,0,0,0,0
wordt beoefend met een klein wit balletje,is practised with a little small ball,12,0,0,0,0,0,0,0,1,0,0,0,0,0,0,0,0,0,0,0,0,1,0,0,0,0,0,0,0,0,0
wordt beoefend met een kleine bal,is practised with a small ball,22,0,0,1,0,1,0,1,1,0,0,0,0,0,0,0,0,0,0,1,0,1,1,0,0,0,0,0,0,0,0
wordt beoefend met een kogel,is practised with a shot,7,0,0,0,0,0,0,0,0,0,0,0,1,0,0,0,0,0,0,0,0,0,0,0,0,0,0,0,0,0,0
wordt beoefend met een leren bal,is practised with a leathern ball,19,0,0,1,0,0,0,0,1,0,0,0,0,0,1,0,0,0,0,0,0,0,0,0,0,1,1,0,0,0,0
wordt beoefend met een lichte bal,is practised with a light ball,7,0,0,0,0,0,0,0,0,0,0,0,0,0,0,0,0,0,0,1,0,1,1,0,0,0,0,0,0,0,0
wordt beoefend met een meestal witte bal,is practised with a mosty white ball,6,0,0,1,0,0,0,0,1,1,0,0,0,0,1,0,0,0,0,0,0,1,0,0,0,1,1,0,0,0,0
wordt beoefend met een met lucht gevulde bal,is practised with an air-filled ball,9,0,0,0,1,0,0,0,0,0,0,0,0,0,1,0,0,0,0,0,0,0,0,0,0,1,1,0,0,0,0
wordt beoefend met een oranje bal,is practised by an orange ball,15,0,0,0,0,0,0,0,0,0,0,0,0,0,0,0,0,0,0,1,0,0,0,0,0,0,0,0,0,0,0
wordt beoefend met een ovale bal,is practised with a oval ball,11,0,0,0,0,0,0,0,0,0,0,0,0,0,1,0,0,0,0,0,0,0,0,0,0,0,0,0,0,0,0
wordt beoefend met een palletje,is practised with a pallet,16,0,0,0,0,0,0,0,0,0,0,0,0,0,0,0,0,0,0,0,0,1,0,0,0,0,0,0,0,0,0
wordt beoefend met een puck,is practised with a puck,14,0,0,0,0,0,0,0,0,0,1,0,0,0,0,0,0,0,0,0,0,0,0,0,0,0,0,0,0,0,0
wordt beoefend met een racket,is practised with a racket,50,1,0,0,0,0,0,0,0,0,0,0,0,0,0,0,0,0,0,1,0,1,1,0,0,0,0,0,0,0,0
wordt beoefend met een racket en bal,is practised with a racket and a ball,4,0,0,0,0,0,0,0,0,0,0,0,0,0,0,0,0,0,0,1,0,0,1,0,0,0,0,0,0,0,0
wordt beoefend met een ronde bal,is practised with a round ball,41,0,0,1,1,1,0,1,1,0,0,0,0,0,0,0,0,0,0,1,0,1,1,0,0,1,1,0,0,0,0
wordt beoefend met een rubberen bal,is practised with a rubber ball,5,0,0,0,0,0,0,0,0,0,0,0,0,0,0,0,0,0,0,1,0,0,0,0,0,0,0,0,0,0,0
wordt beoefend met een stick,is practised with a stick,23,0,0,0,0,0,0,1,0,0,1,0,0,0,0,0,0,0,0,0,0,0,0,0,0,0,0,0,0,0,0
wordt beoefend met een surfplank,is practised with a board,16,0,0,0,0,0,0,0,0,0,0,0,0,0,0,0,0,0,0,0,1,0,0,0,0,0,0,0,0,0,0
wordt beoefend met een witte bal,is practised with a white ball,6,0,0,1,0,0,0,0,1,1,0,0,0,0,0,0,0,0,0,0,0,1,0,0,0,0,0,0,0,0,0
wordt beoefend met een witte bal die als eerste moet geraakt worden,is played with a white ball to kick the other balls,4,0,0,0,0,1,0,0,0,0,0,0,0,0,0,0,0,0,0,0,0,0,0,0,0,0,0,0,0,0,0
wordt beoefend met een zware bal,is practised with a heavy ball,13,0,0,1,1,1,0,0,0,0,0,0,0,0,1,0,0,0,0,0,0,0,0,0,0,1,1,0,0,0,0
wordt beoefend met een zwarte bal die als laatste binnen gespeeld moet worden,is played with a black ball that must be the latest in the hole,4,0,0,0,0,1,0,0,0,0,0,0,0,0,0,0,0,0,0,0,0,0,0,0,0,0,0,0,0,0,0
wordt beoefend met handschoenen,is practised with gloves,23,0,0,1,0,0,1,0,0,0,0,0,0,1,0,0,1,1,0,0,0,0,0,0,0,0,0,0,1,0,0
wordt beoefend met houten schaakstukken,is practised with wooden pawns,4,0,0,0,0,0,0,0,0,0,0,0,0,0,0,1,0,0,0,0,0,0,0,0,0,0,0,0,0,0,0
wordt beoefend met rijlaarzen,is practised with riding boots,5,0,0,0,0,0,0,0,0,0,0,0,0,1,0,0,0,0,0,0,0,0,0,0,0,0,0,0,0,0,0
wordt beoefend met skistokken,is practised with ski sticks,5,0,0,0,0,0,0,0,0,0,0,0,0,0,0,0,0,1,0,0,0,0,0,0,0,0,0,0,0,0,0
wordt beoefend met speciale schoenen,is practised with special shoes,10,0,1,0,0,0,0,0,0,1,1,0,0,1,0,0,1,1,0,0,1,0,0,0,0,1,0,0,1,0,0
wordt beoefend met sportschoenen,is practised with sport shoes,4,1,0,1,1,0,1,1,1,1,0,0,1,0,1,0,1,0,0,1,0,1,1,0,1,1,1,0,0,0,0
wordt beoefend met verschillende toestellen,is practised with several apparatus,8,0,0,0,0,0,0,0,0,0,0,0,0,0,0,0,0,0,0,0,0,0,0,1,0,0,0,0,0,0,0
wordt beoefend met zeilen die in een mast hangen,is practised with sails that hang in a mast,6,0,0,0,0,0,0,0,0,0,0,0,0,0,0,0,0,0,0,0,0,0,0,0,0,0,0,0,0,1,0
wordt beoefend met zwarte en witte pionnen,is practised with black and white pawns,9,0,0,0,0,0,0,0,0,0,0,0,0,0,0,1,0,0,0,0,0,0,0,0,0,0,0,0,0,0,0
wordt beoefend met zwemkledij,is practised with swimming gear,15,0,0,0,0,0,0,0,0,0,0,0,0,0,0,0,0,0,0,0,0,0,0,0,0,0,0,0,0,0,1
wordt beoefend op de openbare weg,is practised on the public highway,8,0,0,0,0,0,0,0,0,0,0,0,0,0,0,0,0,0,0,0,0,0,0,0,0,0,0,0,1,0,0
wordt beoefend op een grasveld,is practised on a field of grass,32,0,0,1,0,0,0,1,0,0,0,0,1,1,1,0,0,0,0,0,0,0,1,0,0,1,0,1,0,0,0
wordt beoefend op een groene tafel,is practised on a green table,24,0,0,0,0,1,0,0,0,0,0,0,0,0,0,0,0,0,0,0,0,1,0,0,0,0,0,0,0,0,0
wordt beoefend op een groene tafel met net,is practised on a green table with a net,7,0,0,0,0,0,0,0,0,0,0,0,0,0,0,0,0,0,0,0,0,1,0,0,0,0,0,0,0,0,0
wordt beoefend op een groot veld,is practised on a large field,6,0,0,1,0,0,0,0,0,0,0,0,0,1,1,0,0,1,0,0,0,0,0,0,0,1,0,1,0,0,0
wordt beoefend op een mat,is practised on a mat,20,0,1,0,0,0,0,0,0,0,0,1,0,0,0,0,1,0,0,0,0,0,0,1,0,0,0,0,0,0,0
wordt beoefend op een piste,is practised on a piste,7,0,0,0,0,0,0,0,0,1,0,0,0,0,0,0,0,0,0,0,0,0,0,0,0,0,0,0,0,0,0
wordt beoefend op een skipiste,is practised on a ski run,7,0,0,0,0,0,0,0,0,0,0,0,0,0,0,0,0,1,0,0,0,0,0,0,0,0,0,0,0,0,0
wordt beoefend op een veld,is practised on a field,12,1,0,1,1,0,0,0,1,0,1,0,0,0,1,0,0,0,0,1,0,0,1,0,0,1,1,0,0,0,0
wordt beoefend op een veld met lijnen,is practised on a field with lines,5,1,0,1,1,0,0,0,1,0,1,0,0,0,1,0,0,0,0,1,0,1,1,0,0,1,1,0,0,0,0
wordt beoefend op hoge golven,is practised on high waves,11,0,0,0,0,0,0,0,0,0,0,0,0,0,0,0,0,0,0,0,1,0,0,0,0,0,0,0,0,0,0
wordt beoefend op ijs,is practised on ice,21,0,0,0,0,0,0,0,0,0,1,0,0,0,0,0,0,0,0,0,0,0,0,0,0,0,0,0,0,0,0
wordt beoefend op skilatten,is practised on skis,18,0,0,0,0,0,0,0,0,0,0,0,0,0,0,0,0,1,0,0,0,0,0,0,0,0,0,0,0,0,0
"wordt beoefend op verschillende terreinen: gras, gravel of hardcourt","is practised on several fields: grass, gravel or hard court",7,0,0,0,0,0,0,0,0,0,0,0,0,0,0,0,0,0,0,0,0,0,1,0,0,0,0,0,0,0,0
wordt beoefend op wandelpaden,is practised on promenade walks,5,0,0,0,0,0,0,0,0,0,0,0,0,0,0,0,0,0,0,0,0,0,0,0,0,0,0,1,0,0,0
wordt beoefend op water,is practised on water,17,0,0,0,0,0,0,0,0,0,0,0,0,0,0,0,0,0,1,0,1,0,0,0,0,0,0,0,0,1,1
wordt beoefend op zee,is practised at sea,19,0,0,0,0,0,0,0,0,0,0,0,0,0,0,0,0,0,0,0,1,0,0,0,0,0,0,0,0,1,0
wordt beoefend wanneer er sneeuw ligt,is practised when there is snow,6,0,0,0,0,0,0,0,0,0,0,0,0,0,0,0,0,1,0,0,0,0,0,0,0,0,0,0,0,0,0
wordt best beoefend met skibril,can best be practised with ski glasses,4,0,0,0,0,0,0,0,0,0,0,0,0,0,0,0,0,1,0,0,0,0,0,0,0,0,0,0,0,0,0
wordt binnen gespeeld,is practised indoor,8,1,1,0,1,1,1,0,1,0,1,1,0,0,0,1,1,0,0,1,0,1,0,1,0,0,1,0,0,0,1
wordt buiten beoefend,is practised outdoor,14,0,0,1,0,0,0,1,0,0,0,0,1,1,1,0,0,1,1,0,1,0,1,0,0,1,0,1,1,1,0
wordt door lange mensen beoefend,is practised by tall people,10,0,0,0,1,0,0,0,0,0,0,0,0,0,0,0,0,0,0,0,0,0,0,0,0,0,1,0,0,0,0
wordt gedoceerd door een trainer,is teached by a trainer,10,1,1,1,1,0,1,1,1,1,1,1,1,1,1,0,1,0,0,1,1,1,1,1,1,1,1,0,1,1,1
wordt gespeeld in clubverband,is practised in a club,9,1,1,1,1,1,1,1,1,1,1,1,1,1,1,1,1,1,1,1,1,1,1,1,1,1,1,1,1,1,1
wordt gespeeld met een pluimpje,is practised with a plume,19,1,0,0,0,0,0,0,0,0,0,0,0,0,0,0,0,0,0,0,0,0,0,0,0,0,0,0,0,0,0
wordt gespeeld met een wit balletje,is practised with a little white ball,4,0,0,1,0,0,0,1,1,0,0,0,0,0,0,0,0,0,0,1,0,1,0,0,0,0,0,0,0,0,0
wordt gespeeld met pionnen met een eigen functie,is played with pawns with their own function,17,0,0,0,0,0,0,0,0,0,0,0,0,0,0,1,0,0,0,0,0,0,0,0,0,0,0,0,0,0,0
wordt gespeeld met twee personen,is practised by two people,42,1,0,0,0,1,1,0,0,0,0,1,0,0,0,1,1,0,0,1,0,1,1,0,0,0,0,0,0,0,0
wordt gespeeld op een biljarttafel,is played at a billiard table,9,0,0,0,0,1,0,0,0,0,0,0,0,0,0,0,0,0,0,0,0,0,0,0,0,0,0,0,0,0,0
wordt gespeeld op een schaakbord met witte en zwarte vakken,is practised on a chessboard with white and black squares,19,0,0,0,0,0,0,0,0,0,0,0,0,0,0,1,0,0,0,0,0,0,0,0,0,0,0,0,0,0,0
wordt gespeeld op een veld,is practised on a field,12,1,0,1,1,0,0,0,1,0,1,0,0,0,1,0,0,0,0,1,0,0,1,0,0,1,1,0,0,0,0
wordt gespeeld tegen een muur,is practised against a wall,5,0,0,0,0,0,0,0,0,0,0,0,0,0,0,0,0,0,0,1,0,0,0,0,0,0,0,0,0,0,0
wordt in de winter beoefend,is practised in the winter,11,1,1,0,1,1,1,0,1,1,1,1,0,0,0,1,1,1,0,1,0,1,1,1,1,0,1,1,0,0,1
wordt in de zomer beoefend,is practised in the summer,8,1,1,1,1,1,1,1,1,1,0,1,1,1,1,1,1,0,1,1,1,1,1,1,1,1,1,1,1,1,1
wordt in een squasbox beoefend,is practised in a squashbox,4,0,0,0,0,0,0,0,0,0,0,0,0,0,0,0,0,0,0,1,0,0,0,0,0,0,0,0,0,0,0
wordt in een stadion beoefend,is practised in a stadium,5,0,0,1,0,0,0,0,0,1,0,0,0,0,1,0,0,0,0,0,0,0,0,0,0,1,0,0,0,0,0
wordt meestal door mannen beoefend,is mostly practised by men,28,0,0,1,1,1,1,1,0,0,1,0,0,0,1,1,1,0,1,0,0,0,0,0,0,1,0,0,1,0,0
wordt meestal door meisjes beoefend,is mostly practised by girls,13,0,1,0,0,0,0,0,0,0,0,0,0,0,0,0,0,0,0,0,0,0,0,1,0,0,0,0,0,0,0
wordt meestal door oude mannen beoefend,is mostly practised by old men,5,0,0,0,0,1,0,0,0,0,0,0,0,0,0,0,0,0,0,0,0,0,0,0,0,0,0,0,0,0,0
wordt meestal door oude mensen beoefend,is mostly practised by old people,4,0,0,0,0,1,0,0,0,0,0,0,0,0,0,0,0,0,0,0,0,0,0,0,0,0,0,0,0,0,0
wordt meestal gespeeld met twee personen,is mostly practised by two people,4,1,0,0,0,1,1,0,0,0,0,1,0,0,0,1,1,0,0,1,0,1,1,0,0,0,0,0,0,0,0
wordt meestal in de winter beoefend,is mostly practised in the winter,6,0,0,0,0,0,0,0,0,0,1,0,0,0,0,0,0,1,0,0,0,0,0,0,0,0,0,0,0,0,0
wordt meestal in de zomer beoefend,is mostly practised in the summer,4,0,0,0,0,0,0,0,0,0,0,0,0,0,0,0,0,0,0,0,1,0,0,0,0,0,0,0,1,1,0
wordt op blote voeten beoefend,is practised on bare feet,8,0,0,0,0,0,0,0,0,0,0,1,0,0,0,0,0,0,0,0,0,0,0,0,0,0,0,0,0,0,1
wordt op een speciale vloer beoefend,is practised on a special ground,4,0,0,0,0,0,0,0,0,0,0,1,0,0,0,0,0,0,0,0,0,0,0,1,0,0,0,0,0,0,0
wordt op school beoefend,is practised at school,38,1,0,1,1,0,0,0,1,1,0,0,1,0,0,0,0,0,0,0,0,0,0,1,1,1,1,0,0,0,1
wordt op sneeuw beoefend,is practised on snow,14,0,0,0,0,0,0,0,0,0,0,0,0,0,0,0,0,1,0,0,0,0,0,0,0,0,0,0,0,0,0
wordt op verschillende terreinen gespeeld,is practised on several fields,4,0,0,0,0,0,0,0,0,0,0,0,0,0,0,0,0,0,0,0,0,0,1,0,0,0,0,0,0,0,0
wordt op zand beoefend,is practised on sand,8,0,0,0,0,0,0,0,0,0,0,0,0,0,0,0,0,0,0,0,0,0,0,0,1,0,1,0,0,0,0
wordt over een net gespeeld,is practised over a net,9,1,0,0,0,0,0,0,0,0,0,0,0,0,0,0,0,0,0,0,0,0,1,0,0,0,1,0,0,0,0
wordt tussen twee ploegen gespeeld,is practised by two teams,36,1,0,1,1,0,0,0,1,0,1,0,0,0,1,0,0,0,0,0,0,0,0,0,0,1,1,0,0,0,0
wordt vaak beoefend aan de bok,is often practised at the buck,6,0,0,0,0,0,0,0,0,0,0,0,0,0,0,0,0,0,0,0,0,0,0,1,0,0,0,0,0,0,0
wordt vaak in groepsverband gedaan,can be practised in group,6,1,0,1,1,1,0,1,1,0,1,0,0,1,1,0,0,1,1,0,0,0,1,1,1,1,1,1,1,1,1
wordt vooral door jongens beoefend,is mostly practised by boys,10,0,0,1,0,1,1,1,0,0,0,0,0,0,1,1,0,0,1,0,0,0,0,0,0,1,0,0,1,0,0
wordt zowel door mannen als vrouwen beoefend,is practised by both men and women,16,1,1,1,1,1,1,1,1,1,1,1,1,1,1,1,1,1,1,1,1,1,1,1,1,1,1,1,1,1,1
zwanenmeer,Swans Lake is a famous performance,4,0,1,0,0,0,0,0,0,0,0,0,0,0,0,0,0,0,0,0,0,0,0,0,0,0,0,0,0,0,0
