,feature/ exemplar ENGLISH,,red currant,strawberry,apricot,pineapple,apple,banana,blueberry,blackberry,lemon,mandarine,dates,grape,raspberry,cherry,kiwi,coconut,lime,lychee,mango,melon,nectarine,papaya,passion fruit,pear,peach,grapefruit,pumpkin,plum,orange,fig
feature / exemplar DUTCH,,freq,aalbes,aardbei,abrikoos,ananas,appel,banaan,bosbes,braambessen,citroen,clementine,dadels,druif,framboos,kers,kiwi,kokosnoot,limoen,lychee,mango,meloen,nectarine,papaya,passievrucht,peer,perzik,pompelmoes,pompoen,pruim,sinaasappel,vijg
afrika,afrika,5,0,0,0,1,1,1,0,0,1,1,1,1,0,0,0,1,1,0,1,1,1,1,1,1,1,1,1,1,1,1
als tussendoortje,as a snack,9,1,1,1,1,1,1,1,1,0,1,0,1,1,1,1,0,0,1,1,1,1,1,0,1,1,1,0,1,1,0
apen eten het graag,monkeys like to eat it,6,0,0,0,0,0,1,0,0,0,0,0,0,0,0,0,1,0,0,0,0,0,0,0,0,0,0,0,0,0,0
beetje zurig,a little sourish,11,1,1,0,1,1,0,1,1,1,1,0,1,0,1,1,0,1,0,0,0,0,0,0,0,0,1,0,1,1,0
behaard,hairy,4,0,0,0,0,0,0,0,1,0,0,0,0,1,0,1,1,0,0,0,0,0,0,0,0,0,0,0,0,0,0
bestaat in verschillende kleuren,comes in different colours,16,1,0,0,0,1,0,0,0,0,0,0,1,0,1,0,0,0,0,1,1,0,0,0,1,0,0,0,1,0,0
bestaat in verschillende soorten,exists in different kinds,11,1,0,0,0,1,0,0,0,0,0,0,1,0,1,0,0,0,0,0,1,0,0,0,1,0,1,0,1,0,0
bestaat uit beentjes,consists of little 'legs' (in dutch: beentjes),5,0,0,0,0,0,0,0,0,0,0,0,0,0,0,0,0,0,0,0,0,0,0,0,0,0,0,0,0,0,0
bestaat uit kleine bolletjes,consists of little globules,14,1,0,0,0,0,0,1,1,0,0,0,1,1,0,0,0,0,0,0,0,0,0,1,0,0,0,0,0,0,0
bestaat uit partjes,consists of quarters,7,0,0,0,0,0,0,0,0,0,1,0,0,0,0,0,0,0,0,0,0,0,0,0,0,0,1,0,0,1,0
bevat kokosmelk,contains milk,17,0,0,0,0,0,0,0,0,0,0,0,0,0,0,0,1,0,0,0,0,0,0,0,0,0,0,0,0,0,0
bevat pitten,contains seeds,148,0,1,1,0,1,1,0,0,1,1,1,1,0,1,0,0,1,0,1,1,1,1,0,1,1,1,1,1,1,0
bevat veel calorieën,rich in calories,5,0,0,0,0,0,1,0,0,0,0,1,0,0,0,0,1,0,0,0,0,0,0,0,0,0,0,0,0,0,1
bevat veel vitaminen,contains vitamines,31,1,1,1,1,1,0,1,1,1,1,1,1,1,1,1,0,1,1,1,1,1,1,1,1,1,1,1,1,1,1
bevordert de darmwerking,stimulates the functioning of the intestines,5,0,0,0,0,0,0,0,0,0,1,0,1,0,0,1,0,0,0,0,0,0,0,0,0,0,1,0,0,1,0
bij assepoester wordt er een koets van gemaakt,in cinderella it is used as a coach,6,0,0,0,0,0,0,0,0,0,0,0,0,0,0,0,0,0,0,0,0,0,0,0,0,0,0,1,0,0,0
bijbels,biblical,8,0,0,0,0,1,0,0,0,0,0,1,1,0,0,0,0,0,0,0,0,0,0,0,0,0,0,0,0,1,1
bruin aan de buitenkant,brown on the outside,17,0,0,0,1,0,1,0,0,0,0,1,0,0,0,1,1,0,0,0,0,0,0,1,1,0,0,0,0,0,1
de schil is bitter,the peel is bitter,7,0,0,0,1,0,1,0,0,1,1,0,0,0,0,1,0,1,0,1,1,0,1,0,0,0,1,0,0,1,0
de schil is niet eetbaar,the peel is not eddible,4,0,0,0,1,0,1,0,0,0,1,0,0,0,0,1,1,0,1,1,1,0,1,1,0,0,1,1,0,0,0
"dik vanonder, smaller boven","thick at the bottom, more slender at the top",4,0,1,0,0,0,0,0,0,0,0,0,0,0,0,0,0,0,0,0,0,0,0,0,1,0,0,0,0,0,0
dikke schil,thick peel,22,0,0,0,1,0,1,0,0,1,1,0,0,0,0,0,1,1,1,1,1,0,1,1,0,0,1,1,0,1,0
donkerrood,dark red,5,1,1,0,0,1,0,0,0,0,0,0,0,0,1,0,0,0,0,0,0,1,0,1,0,1,0,0,1,0,0
donzige schil,downy peel,6,0,0,0,0,0,0,0,0,0,0,0,0,0,0,1,1,0,0,0,0,0,0,0,0,0,0,0,0,0,0
dorstlessend,thirst-quenching,4,0,1,0,1,1,0,0,0,1,1,0,1,0,0,1,1,1,1,1,1,1,1,0,1,1,1,0,1,1,0
draai om je oren,"a box on the ears (in dutch: een vijg, een draai om je oren)",4,0,0,0,0,1,0,0,0,0,0,0,0,0,0,0,0,0,0,0,0,0,0,0,1,0,0,0,0,0,1
een delicatesse,a delicacy,7,0,0,0,0,0,0,0,0,0,0,0,0,0,0,0,0,0,1,0,0,0,1,1,0,0,0,0,0,0,0
een gladde schil,has a smooth peel,5,0,0,0,0,1,1,0,0,0,0,0,0,0,0,0,0,0,0,1,0,1,0,0,1,0,0,0,0,0,0
eetbaar,edible,91,1,1,1,1,1,1,1,1,1,1,1,1,1,1,1,1,1,1,1,1,1,1,1,1,1,1,1,1,1,1
er zijn er in verschillende maten,comes in different sizes,4,1,1,1,1,1,1,1,1,1,1,1,1,1,1,1,1,1,1,1,1,1,1,1,1,1,1,1,1,1,1
exotisch,exotic,62,0,0,0,1,0,1,0,0,0,0,1,0,0,0,1,1,0,1,1,0,0,1,1,0,0,0,0,0,0,1
familie van de appelsien,family of the orange,4,0,0,0,0,0,0,0,0,1,1,0,0,0,0,0,0,1,0,0,0,0,0,0,0,0,1,0,0,1,0
familie van de citroen,family of the lemon,4,0,0,0,0,0,0,0,0,1,1,0,0,0,0,0,0,1,0,0,0,0,0,0,0,0,1,0,0,1,0
familie van de perzik,family of the peach,7,0,0,1,0,0,0,0,0,0,0,0,0,0,0,0,0,0,0,0,0,1,0,0,0,1,0,0,0,0,0
familie van mandarijn,family of the tangerine,6,0,0,0,0,0,0,0,0,0,1,0,0,0,0,0,0,0,0,0,0,0,0,0,0,0,0,0,0,1,0
fruit,fruit (in dutch: fruit),243,1,1,1,1,1,1,1,1,1,1,1,1,1,1,1,1,1,1,1,1,1,1,1,1,1,1,0,1,1,1
gebruikt bij halloween,used on haloween,20,0,0,0,0,0,0,0,0,0,0,0,0,0,0,0,0,0,0,0,0,0,0,0,0,0,0,1,0,0,0
gebruikt in fruitpap,used in fruit pap,4,0,0,0,0,1,1,0,0,0,0,0,0,0,0,0,0,0,0,0,0,0,0,0,1,0,0,0,0,0,0
gebruikt in spreekwoord,used in (dutch) proverb,4,0,0,0,0,1,0,0,0,1,0,0,0,0,0,0,0,0,0,0,0,0,0,0,1,0,0,0,1,0,1
gebruikt in yoghurt,used in yoghurt,18,0,1,1,1,0,0,1,0,0,0,0,0,1,1,0,0,0,0,0,0,0,0,1,0,1,0,0,0,0,0
gebruikt men in gerechten,used in dishes,4,1,1,1,1,1,1,1,1,1,1,1,1,1,1,1,1,1,1,1,1,1,1,1,1,1,1,1,1,1,1
geel,yellow,98,0,0,0,1,0,1,0,0,1,0,0,0,0,0,0,0,0,0,0,0,0,0,0,0,0,1,0,1,0,0
geel vanbinnen,yellow inside,30,0,0,1,1,0,1,0,0,1,0,0,0,0,0,0,0,0,0,1,1,1,1,0,0,1,1,0,1,0,0
gegeten bij kaasschotels,eaten with cheese,4,0,0,0,0,0,0,1,0,0,1,1,1,0,0,1,0,0,0,0,1,0,0,0,0,0,0,0,0,0,1
gerimpeld,wrinkled,10,0,0,0,0,0,0,0,0,1,1,1,0,0,0,0,0,1,1,0,1,0,0,1,0,0,1,1,0,1,1
gevaarlijk: kan op je hoofd vallen,dangerous: can fall on your head,4,0,0,0,1,1,0,0,0,0,0,0,0,0,0,0,1,0,0,1,0,0,1,0,1,1,1,0,1,1,0
gezond,healthy,89,1,1,1,1,1,1,1,1,1,1,1,1,1,1,1,1,1,1,1,1,1,1,1,1,1,1,1,1,1,1
groeit aan bomen,grows on trees,220,0,0,1,1,1,1,0,0,1,1,1,0,0,1,1,1,1,0,1,0,1,1,0,1,1,1,0,1,1,1
groeit aan een palmboom,grows on a palmtree,13,0,0,0,1,0,1,0,0,0,0,1,0,0,0,0,1,0,0,0,0,0,0,0,0,0,0,0,0,0,0
groeit aan een plant,grows on a plant,16,1,1,0,0,0,0,1,1,0,0,0,0,1,0,0,0,0,0,0,0,0,0,0,0,0,0,0,0,0,0
groeit aan een rank,grows on vines,4,0,0,0,0,0,0,0,0,0,0,0,1,0,0,0,0,0,0,0,0,0,0,0,0,0,0,0,0,0,0
groeit aan een struik,grows on a bush,64,1,1,0,0,0,0,1,1,0,0,0,0,1,0,0,0,0,0,0,0,0,0,0,1,0,0,0,0,0,0
groeit in bos,grows in the woods,29,1,1,0,0,0,0,1,1,0,0,0,0,1,0,0,0,0,0,0,0,0,0,0,0,0,0,0,0,0,0
groeit in de natuur,grows in the countryside,8,1,1,1,1,1,1,1,1,1,1,1,1,1,1,1,1,1,1,1,1,1,1,1,1,1,1,1,1,1,1
groeit in het voorjaar,grows in springtime,12,1,0,0,0,0,0,1,1,0,0,1,0,1,0,0,0,0,0,0,0,0,0,0,0,0,0,0,0,0,0
groeit in het wild,grows in the wild,14,1,1,0,1,1,1,1,1,0,0,1,0,1,0,1,1,1,1,1,1,1,1,1,0,1,0,1,1,0,1
groeit in onze streken,grows in our region,10,1,1,0,0,1,0,1,1,0,0,0,1,1,1,0,0,0,0,0,0,0,0,0,1,0,0,1,1,0,0
groeit in tropische streken,grows in tropical regions,43,0,0,0,1,0,1,0,0,0,0,1,0,0,0,1,1,1,1,1,1,0,1,1,0,0,0,0,0,1,1
groeit in trossen,grows in a bunch,46,1,1,0,0,0,1,0,0,0,0,1,1,0,0,0,0,0,0,0,0,0,0,0,0,0,0,0,0,0,0
groeit in tuinen,grows in gardens,10,1,1,0,0,1,0,0,1,0,0,0,0,1,1,0,0,0,0,0,0,0,0,0,1,0,0,0,1,0,0
groeit in warme landen,grows in warm countries,73,0,0,1,1,0,1,0,0,1,1,1,1,0,0,1,1,1,1,1,1,1,1,1,0,1,1,0,0,1,1
groeit laag bij de grond,grows close to the ground,11,1,1,0,0,0,0,1,1,0,0,0,1,1,0,0,0,0,0,0,1,0,0,0,0,0,0,1,0,0,0
groeit niet in belgie,does not grow in Belgium,16,0,0,0,1,0,1,0,0,1,1,1,0,0,0,1,1,1,1,1,0,0,1,1,0,1,1,0,0,1,1
groeit rond middellandse zee,grows around the mediterranean sea,8,0,1,1,0,1,0,0,0,1,1,1,1,0,0,0,0,1,0,0,1,1,0,0,1,1,1,1,1,1,1
groen,green,80,0,0,0,0,1,0,0,0,0,0,0,0,0,0,1,0,1,0,1,1,0,1,0,1,0,0,0,1,0,0
groene schil,green peel,10,0,0,0,0,1,1,0,0,0,0,1,0,0,0,1,0,1,0,1,1,0,1,0,1,0,0,0,1,0,0
groene steel,green stem,11,0,0,0,0,1,0,0,0,0,0,0,0,0,1,0,0,0,0,0,0,0,0,0,1,0,0,0,1,0,0
grote pit,big stone,24,0,0,1,0,0,0,0,0,0,0,0,0,0,0,0,0,0,0,1,0,1,1,0,0,1,0,0,1,0,0
hangt soms per twee,hangs sometimes in twos,8,1,0,0,0,0,1,1,1,0,0,1,1,1,1,0,1,0,0,0,0,0,0,0,0,0,0,0,0,0,0
hard,hard,14,0,0,0,1,0,0,0,0,1,0,0,0,0,0,0,1,0,0,0,1,0,0,0,0,0,0,1,0,0,0
harde pit,hard stone,6,0,0,1,0,0,0,0,0,0,0,0,0,0,1,0,0,0,0,1,0,1,1,0,0,1,0,0,1,0,0
harde schil,hard peel,34,0,0,0,1,0,1,0,0,1,1,1,0,0,0,0,1,1,1,0,1,0,1,0,0,0,1,1,0,1,0
harig,hairy,29,0,1,0,0,0,0,0,1,0,0,0,0,1,0,1,1,0,0,0,0,0,0,0,0,0,0,0,0,0,0
heeft bladeren,has leaves,5,0,0,0,1,0,0,0,0,0,0,0,0,0,0,0,0,0,0,0,0,0,0,0,0,0,0,0,0,0,0
heeft bobbeltjes,has little bumps,6,0,0,0,0,0,0,0,1,0,0,0,0,1,0,0,0,0,0,0,0,0,0,0,0,0,0,0,0,0,0
heeft een donkere kleur,has a dark colour,7,0,0,0,1,0,0,1,1,0,0,1,1,0,0,1,1,1,0,0,0,0,1,1,0,0,0,0,1,0,1
heeft een harde kern,has a hard core,4,0,0,1,1,0,0,0,0,0,0,0,0,0,0,0,0,0,0,1,0,0,1,0,0,1,0,1,1,0,0
heeft een klokhuis,has a core,22,0,0,0,0,1,0,0,0,0,0,0,0,0,0,0,0,0,0,0,0,0,0,0,1,0,0,0,0,0,0
heeft een kroontje,has a little crown,11,0,1,0,0,1,0,0,0,0,1,0,0,0,0,0,0,0,0,0,0,0,0,0,1,1,1,0,0,1,0
heeft een kruin van harde bladen,has a crown of hard leaves,5,0,0,0,1,0,0,0,0,0,0,0,0,0,0,0,0,0,0,0,0,0,0,0,0,0,0,0,0,0,0
heeft een pit,has a stone,73,0,0,1,0,0,0,0,0,0,0,0,0,0,1,0,0,0,0,1,0,1,1,0,0,1,0,0,1,0,0
heeft een schil,has a peel,50,0,0,1,1,1,1,0,0,1,1,0,0,0,0,1,1,1,1,1,1,1,1,1,1,1,1,1,1,1,0
heeft een steeltje,has a stilk,47,0,0,1,0,1,0,0,0,0,0,0,0,0,1,0,0,0,0,0,0,0,0,0,1,1,0,0,1,0,0
heeft een stekelige schil,has a prickly peel,8,0,0,0,1,0,0,0,0,0,0,0,0,0,0,0,0,0,1,0,0,0,0,1,0,0,0,0,0,0,0
heeft groene bladeren,has green leaves,12,0,0,0,0,0,0,0,0,0,0,0,0,0,0,0,0,0,0,0,0,0,0,0,0,0,0,0,0,0,0
heeft roze kleur,has a rose colour,14,0,0,0,0,0,0,0,0,0,0,0,0,1,0,0,0,0,1,0,1,0,0,1,0,0,1,0,0,0,0
heeft stekels,has prickles,22,0,0,0,1,0,0,0,0,0,0,0,0,0,0,0,0,0,0,0,0,0,0,0,0,0,0,0,0,0,0
heeft vaak gele schil,often has a yellow peel,9,0,0,1,0,1,1,0,0,1,0,0,0,0,0,0,0,0,0,0,1,0,0,0,0,1,1,0,1,0,0
heeft veel zon nodig om te groeien,needs a lot of sun to grow,12,0,0,1,1,0,1,0,0,1,1,1,1,0,0,1,1,1,1,1,1,1,1,1,0,1,1,0,0,1,1
heeft vruchtvlees,has flesh,9,1,1,1,1,1,1,1,1,1,1,1,1,1,1,1,1,1,1,1,1,1,1,1,1,1,1,1,1,1,1
heeft zachte schil,has a soft peel,12,0,0,0,0,1,1,0,0,0,0,0,0,0,0,1,0,0,0,1,0,1,0,0,1,1,0,0,0,0,0
het heeft geen uitgesproken geur,does not hav any particular smell,12,1,1,1,1,1,1,1,1,1,1,1,1,1,1,1,1,1,1,1,1,1,1,1,1,1,1,1,1,1,1
het is plat,it is flat,8,0,0,0,0,0,0,0,0,0,0,0,0,0,0,0,0,0,0,0,0,0,0,0,0,0,0,0,0,0,1
het is voedsel,is food,13,1,1,1,1,1,1,1,1,1,1,1,1,1,1,1,1,1,1,1,1,1,1,1,1,1,1,1,1,1,1
het vlees van de vrucht is tamelijk hard,the flesh of this fruit is rather hard,5,0,0,1,0,1,0,0,0,0,0,1,0,0,0,1,1,0,0,1,0,1,1,0,1,1,0,1,0,0,0
het wordt niet veel gegeten in België,is not eaten a lot in Belgium,5,0,0,0,0,0,0,0,0,0,0,1,0,0,0,0,0,0,1,1,0,0,1,1,0,0,0,1,0,0,1
in gedroogde vorm: rozijnen en krenten,in dried form: rasins,6,0,0,0,0,0,0,0,0,0,0,0,1,0,0,0,0,0,0,0,0,0,0,0,0,0,0,0,0,0,0
in schijfjes,in slices,9,0,1,1,1,1,1,0,0,1,1,0,0,0,0,1,0,1,0,1,1,1,1,0,1,1,1,0,0,1,0
in uitdrukkingen: zo plat als een …,"used in (dutch) proverb, as flat as a fig",4,0,0,0,0,0,0,0,0,0,0,0,0,0,0,0,0,0,0,0,0,0,0,0,0,0,0,0,0,0,1
is bitter,is bitter,18,0,0,0,0,0,0,0,0,1,1,0,0,0,0,0,0,1,0,0,0,0,0,0,0,0,1,0,0,1,0
is blauw,is blue,25,0,0,0,0,0,0,1,1,0,0,0,1,0,0,0,0,0,0,0,0,0,0,0,0,0,0,0,1,0,0
is bruin,is brown,34,0,0,0,0,0,0,0,0,0,0,1,0,0,0,0,1,0,0,0,0,0,0,1,1,0,0,0,0,0,1
is duur,is expensive,23,0,0,0,1,0,0,0,0,0,0,0,1,1,1,1,1,0,1,1,1,1,1,1,0,0,0,1,0,0,1
is een bes,is a berry,10,1,0,0,0,0,0,1,1,0,0,0,1,1,1,0,0,0,0,0,0,0,0,0,0,0,0,0,0,0,0
is een citrusvrucht,is citrusfruit,21,0,0,0,0,0,0,0,0,1,1,0,0,0,0,0,0,1,0,0,0,0,0,0,0,0,1,0,0,1,0
is een noot,is a nut,5,0,0,0,0,0,0,0,0,0,0,1,0,0,0,0,1,0,0,0,0,0,0,0,0,0,0,0,0,0,0
is een steenvrucht,is fruit with a stone (in 'dutch': steenvrucht),15,0,0,1,0,0,0,0,0,0,0,0,0,0,0,0,0,0,0,1,0,1,1,0,0,1,0,0,1,0,0
is een vrucht,fruit (in dutch: vrucht),84,1,1,1,1,1,1,1,1,1,1,1,1,1,1,1,1,1,1,1,1,1,1,1,1,1,1,1,1,1,1
is groen als het nog niet rijp is,is green when it is not ripe yet,10,1,1,1,0,1,1,0,1,1,1,1,1,1,1,1,0,1,0,1,1,1,1,1,1,0,0,0,1,1,1
is groen vanbinnen,is green inside,10,0,0,0,0,0,0,0,0,0,0,0,1,0,0,1,0,1,0,0,1,0,0,1,0,0,0,0,1,0,0
is groot,is big,27,0,0,0,1,0,0,0,0,0,0,0,0,0,0,0,1,0,0,1,1,0,0,0,0,0,1,1,0,0,0
is klein,is small,70,1,1,1,0,0,0,1,1,0,1,1,1,1,1,0,0,1,1,0,0,0,0,1,0,0,0,0,1,0,0
is krom,is bent,16,0,0,0,0,0,1,0,0,0,0,0,0,0,0,0,0,0,0,0,0,0,0,0,0,0,0,0,0,0,0
is langwerpig,is elongated,5,0,0,0,0,0,1,0,0,0,0,0,0,0,0,0,0,0,0,0,0,0,0,0,0,0,0,0,0,0,0
is mals,is tender,10,1,1,1,0,0,1,1,1,0,1,1,1,1,1,1,0,0,1,1,1,1,1,1,0,1,1,0,1,1,1
is moeilijk open te maken,is difficult to open,5,0,0,0,1,0,0,0,0,0,0,0,0,0,0,0,1,0,0,0,0,0,0,0,0,0,0,1,0,0,0
is mooi,is beautiful,7,1,1,1,1,1,1,1,1,1,1,1,1,1,1,1,1,1,1,1,1,1,1,1,1,1,1,1,1,1,0
is ook een snoepje,is also a sweet,4,0,0,0,0,0,0,0,0,0,0,0,0,0,0,0,0,0,0,0,0,0,0,0,0,0,0,0,0,0,0
is oranje vanbinnen,is orange inside,16,0,0,1,0,0,0,0,0,0,1,0,0,0,0,0,0,0,0,1,1,1,1,0,0,1,0,1,0,1,0
is ovaal,is oval,39,0,0,0,1,0,0,0,0,1,0,1,0,0,0,1,1,0,1,1,0,0,1,1,0,0,0,0,0,0,0
is peervormig,pear-shaped,6,0,0,0,0,0,0,0,0,0,0,0,0,0,0,0,0,0,0,0,0,0,0,0,1,0,0,0,0,0,0
is rijp in de herfst,is ripe in autumn,9,0,0,0,0,0,0,0,0,0,0,0,0,0,0,0,0,0,0,0,0,0,0,0,0,0,0,0,0,0,0
is rond,is round,152,1,0,1,0,1,0,1,1,0,1,1,1,1,1,0,0,1,1,0,1,1,0,1,0,1,1,1,1,1,0
is sappig,is juicy,150,1,1,1,1,1,0,1,1,1,1,0,1,1,1,1,1,1,1,1,1,1,1,1,1,1,1,0,1,1,0
is seizoensafhankelijk,is seasonal,6,1,1,1,1,1,1,1,1,1,1,1,1,1,1,1,1,1,1,1,1,1,1,1,1,1,1,1,1,1,1
is te koop op de markt,can be bought at the market,5,1,1,1,1,1,1,1,1,1,1,1,1,1,1,1,0,1,1,1,1,1,1,0,1,1,1,1,1,1,1
is verfrissend,is refreshing,14,0,1,0,1,1,0,0,0,1,1,0,1,0,0,1,1,1,1,1,1,1,1,0,0,1,1,0,1,1,0
is vers het best,best when fresh,4,1,1,1,1,1,1,1,1,1,1,1,1,1,1,1,1,1,1,1,1,1,1,1,1,1,1,1,1,1,1
is vezelig,is fibrous,4,0,0,1,1,0,0,0,0,0,0,0,0,0,0,0,0,0,0,1,0,1,1,0,0,1,0,1,0,1,1
is voedzaam,is nutricious,8,1,1,1,1,1,1,1,1,1,1,1,1,1,1,1,1,1,1,1,1,1,1,1,1,1,1,1,1,1,1
is wit,is white,14,1,0,0,0,0,0,0,0,0,0,0,1,0,0,0,0,0,1,0,1,0,0,0,0,0,0,0,0,0,0
is zacht,is soft,39,1,1,1,0,0,1,1,1,0,0,0,1,1,1,0,0,0,0,0,0,0,0,0,0,1,0,0,1,0,1
is zuur,is sour,54,1,1,0,0,1,0,1,1,1,1,0,0,0,1,1,0,1,0,0,0,0,0,0,0,0,1,0,0,1,0
is zwaar,is heavy,15,0,0,0,1,0,0,0,0,0,0,0,0,0,0,0,1,0,0,0,1,0,0,0,0,0,0,1,0,0,0
is zwart,is black,11,0,0,0,0,0,0,0,1,0,0,1,0,0,0,0,0,0,0,0,0,0,0,1,0,0,0,0,0,0,0
je kan deze leeghalen en er een kaars in steken,you can empty it to put a candle inside,5,0,0,0,0,0,0,0,0,0,0,0,0,0,0,0,0,0,0,0,0,0,0,0,0,0,0,1,0,0,0
je kan er sap van maken,you can use it to make juice,60,0,0,1,1,1,0,0,0,1,0,0,1,0,1,1,0,1,1,1,0,0,0,0,1,1,1,0,0,1,0
je kan er soep van maken,can be used for making soup,14,0,0,0,0,0,0,0,0,0,0,0,0,0,0,0,0,0,0,0,0,0,0,0,0,0,0,1,0,0,0
je kan er thee van maken,can be used for making tea,6,0,0,0,0,1,0,1,1,1,0,0,0,1,0,0,0,0,0,0,0,0,0,1,0,0,0,0,0,0,0
kan gedroogd worden,can be dried,33,0,0,0,0,0,1,0,0,0,0,1,1,0,0,0,1,0,0,0,0,0,0,0,0,0,0,0,1,0,1
kan geperst worden tot sap,can be squeezed for juice,16,0,0,1,1,1,0,0,0,1,1,0,1,0,0,1,0,1,0,1,0,1,0,0,0,1,1,0,1,1,0
kan giftig zijn,can be poisonous,5,0,0,0,0,0,0,0,0,0,0,0,0,0,0,0,0,0,0,0,0,0,0,0,0,0,0,0,0,0,0
kan je eten met lepeltje,you can eat it with a teaspoon,8,0,0,0,0,0,0,0,0,0,0,0,0,0,0,1,0,0,0,0,0,0,0,1,0,0,1,0,0,0,0
kan je milkshake van maken,you can make milkshake from it,4,0,1,1,0,0,1,1,1,1,1,0,0,1,1,1,0,0,0,0,0,0,0,1,0,1,0,0,0,0,0
kan uitgehold worden,can be hollowed out,4,0,0,0,1,0,0,0,0,0,0,0,0,0,0,0,1,0,0,0,1,0,1,0,0,0,0,1,0,0,0
kan warm of koud gegeten worden,can be eaten cold or hot,6,0,0,1,0,1,1,0,0,0,0,0,0,0,0,0,0,0,0,0,0,0,0,0,1,1,0,0,1,0,1
klein en rond,small and round,5,1,0,0,0,0,0,1,1,0,0,0,1,1,1,0,0,0,0,0,0,0,0,0,0,0,0,0,0,0,0
kleurrijk,colourful,4,1,1,1,1,1,1,1,1,1,1,1,1,1,1,1,1,1,1,1,1,1,1,1,1,1,1,1,1,1,1
komen uit zuid-amerika,comes from Latin-Amerika,5,0,0,1,1,1,1,0,0,1,1,0,0,0,0,0,1,1,0,1,1,1,1,1,1,1,1,1,1,1,0
komt uit china,comes from china,5,0,0,0,0,0,0,0,0,0,0,0,0,0,1,0,0,1,1,0,0,0,0,1,0,0,0,0,0,0,0
komt uit nieuw-zeeland,comes from new-zealand,8,0,0,0,0,0,0,0,0,0,0,0,0,0,0,1,0,0,0,0,0,0,0,0,0,0,0,0,0,0,0
komt uit Spanje,comes from Spain,16,0,0,0,0,0,0,0,0,1,1,0,0,0,0,0,0,0,0,0,1,0,0,0,0,0,0,0,0,1,0
koop je in de winkel,you buy it in shops,10,1,1,1,1,1,1,1,1,1,1,1,1,1,1,1,1,1,1,1,1,1,1,1,1,1,1,1,1,1,1
korrelig op tong,granular feeling on the tongue,4,0,0,0,0,0,0,0,1,0,0,0,0,1,0,0,0,0,0,0,0,0,0,1,0,0,0,0,0,0,0
krijg je van sinterklaas,santa gives it to you (in dutch: sinterklaas),17,0,0,0,0,0,0,0,0,0,1,0,0,0,0,0,0,0,0,0,0,0,0,0,0,0,0,0,0,0,0
kunnen we heel het jaar door eten,we can eat it the whole year through,4,1,1,1,1,1,1,1,1,1,1,1,1,1,1,1,1,1,1,1,1,1,1,1,1,1,1,1,1,1,1
kwetsbaar,fragile,4,1,1,1,0,1,1,1,1,0,1,1,1,1,1,1,0,0,0,1,0,1,0,0,1,1,0,0,1,0,0
lekker,tasty,168,1,1,1,1,1,1,1,1,1,1,0,1,1,1,1,1,1,1,1,1,1,1,1,1,1,1,1,1,1,1
lekker bij ijs,tasty with ice,11,1,1,1,1,1,1,1,1,0,1,0,1,1,1,1,0,0,0,1,1,1,1,1,1,1,0,0,1,1,0
lekker in coca cola,nice in coca cola,5,0,0,0,0,0,0,0,0,1,0,0,0,0,1,0,0,0,0,0,0,0,0,0,0,0,0,0,0,1,0
lekker in yoghurt,nice in yoghurt,4,1,1,1,1,1,1,1,1,0,1,0,1,1,1,1,0,0,1,1,1,1,1,1,1,1,0,0,0,0,0
lekker met suiker,nice with sugar,4,1,1,0,0,0,1,0,0,0,0,1,1,0,0,0,0,0,0,0,1,0,0,0,0,0,0,0,0,0,1
lijkt op citroen,resembles lemons,12,0,0,0,0,0,0,0,0,1,1,0,0,0,0,0,0,0,0,0,0,0,0,0,0,0,1,0,0,1,0
lijkt op een appelsien,resembles oranges,12,0,0,0,0,0,0,0,0,1,1,0,0,0,0,0,0,0,0,0,0,0,0,0,0,0,1,0,0,1,0
lijkt op een mandarijn,resembles tangerines,7,0,0,0,0,0,0,0,0,0,1,0,0,0,0,0,0,0,0,0,0,0,0,0,0,0,0,0,0,1,0
lijkt op een perzik,resembles peaches,10,0,0,1,0,0,0,0,0,0,0,0,0,0,0,0,0,0,0,0,0,1,0,0,0,1,0,0,0,0,0
lijkt op framboos,resembles raspberries,5,0,0,0,0,0,0,0,1,0,0,0,0,1,0,0,0,0,0,0,0,0,0,0,0,0,0,0,0,0,0
maakt vlekken op kleren,makes stains on clothes,19,1,1,1,1,1,1,1,1,1,1,1,1,1,1,1,1,1,1,1,1,1,1,1,1,1,1,1,1,1,1
moet geschild worden,must be peeled,16,0,0,0,1,0,1,0,0,1,1,0,0,0,0,1,1,1,1,1,1,0,1,0,0,0,1,1,0,1,0
niet lekker,does not taste well,15,0,0,0,0,0,0,0,0,0,0,1,0,0,0,0,0,0,1,0,0,0,0,0,0,0,0,0,0,0,1
niet zo bekend hier,not so well known here,4,0,0,0,0,0,0,0,0,0,0,1,0,0,0,0,0,0,1,1,0,0,1,1,0,0,0,1,0,0,1
oranje,orange colour,100,0,0,1,0,0,0,0,0,0,1,0,0,0,0,0,0,0,0,0,1,0,0,0,0,1,0,1,1,1,0
over de schil kan je uitglijden,you can slip on the peel,4,0,0,0,0,0,1,0,0,0,0,0,0,0,0,0,0,0,0,0,0,0,0,0,0,0,0,0,0,0,0
paars vanbuiten,purple outside,5,0,0,0,0,0,0,0,0,0,0,0,1,0,0,0,0,0,0,0,0,0,0,0,0,0,0,0,1,0,0
paarse kleur,purple colour,17,0,0,0,0,0,0,0,0,0,0,0,0,0,0,0,0,0,0,0,0,0,0,0,0,0,0,0,1,0,0
plakkerig,sticky,11,0,0,0,1,0,1,0,0,0,0,0,0,0,0,1,1,0,1,1,1,1,1,0,0,1,1,1,1,1,1
puntjes,little dots,4,0,0,0,0,0,0,0,1,0,0,0,0,1,0,0,0,0,0,0,0,0,0,1,0,0,0,0,0,0,0
rijk aan vitamine C,rich in vitamine C,16,0,0,0,0,0,0,0,0,1,1,0,0,0,0,0,0,1,0,0,0,0,0,0,0,0,1,0,0,1,0
rode kleur,red colour,123,1,1,0,0,1,0,0,0,0,0,0,0,1,1,0,0,0,0,0,1,1,0,0,0,0,0,0,1,0,0
rode kleur vanbuiten,red colour inside,4,1,1,0,0,1,0,0,0,0,0,0,1,0,1,0,0,0,0,1,0,1,0,0,0,1,0,0,1,0,0
roodblauw,red-blue,4,0,0,0,0,0,0,0,1,0,0,0,1,0,0,0,0,0,0,0,0,1,0,1,0,0,0,0,1,0,0
rood-geel,red-yellow,6,0,0,0,0,1,0,0,0,0,0,0,0,0,0,0,0,0,0,0,0,1,0,1,0,1,0,0,1,0,0
roze van buiten,rose outside,5,0,0,0,0,0,0,0,0,0,0,0,0,1,0,0,0,0,1,0,0,0,0,0,0,0,0,0,0,0,0
ruikt lekker,smells nice,19,0,0,0,0,0,0,0,0,0,0,0,0,0,0,0,0,0,0,0,0,0,0,0,0,0,0,0,0,0,0
ruikt zoet,smells sweet,10,0,0,0,0,0,0,0,0,0,0,0,0,0,0,0,0,0,0,0,0,0,0,0,0,0,0,0,0,0,0
ruwe buitenkant,rough outside,9,0,0,0,1,0,0,0,0,1,1,1,0,0,0,1,1,1,1,0,1,0,1,1,0,0,1,1,0,1,0
siroop,sirup,5,0,0,0,0,1,0,1,0,0,0,0,0,1,1,0,0,0,0,0,0,0,0,0,0,1,0,0,0,1,0
smaakt fris,tastes fresh,21,1,1,1,1,1,0,0,0,1,1,0,1,0,1,1,1,1,1,1,1,1,1,1,0,1,1,0,1,1,0
soort groente,kind of vegetable,6,0,0,0,0,0,0,0,0,0,0,0,0,0,0,0,0,0,0,0,0,0,0,0,0,0,0,1,0,0,0
speciale smaak,special taste,4,0,0,0,0,0,0,0,0,0,0,1,0,0,0,1,1,0,1,0,0,0,1,1,0,0,0,1,0,0,1
stilt de honger,quenches hunger,4,0,0,0,0,1,1,0,0,0,0,1,0,0,0,1,0,0,0,1,1,1,0,0,1,1,1,0,1,1,0
trekt insecten aan,attracts insects,6,0,0,1,0,1,1,0,0,0,1,0,1,0,1,0,0,0,0,1,1,1,1,0,1,1,0,0,1,1,0
typisch frankrijk,typically french,8,0,0,0,0,0,0,0,0,0,0,0,1,0,0,0,0,0,0,0,1,0,0,0,0,0,0,0,0,0,0
vaak gegeten bij ham,often eaten with ham,5,0,0,0,0,0,0,0,0,0,0,0,0,0,0,0,0,0,0,0,1,0,0,0,0,0,0,0,0,0,0
velletjes,little bits of skin,4,0,0,0,0,0,0,0,0,0,1,0,1,0,0,0,0,0,0,0,0,0,0,0,0,0,1,0,0,1,0
vlezig,fleshy,11,0,1,1,1,1,1,0,0,1,1,1,1,0,1,1,0,0,0,1,1,1,1,0,1,1,1,0,1,1,0
vogels eten het graag,birds like to eat it,16,0,0,0,0,0,0,0,0,0,0,0,0,0,1,0,0,0,0,0,0,0,0,0,0,0,0,0,0,0,0
vogelsoort,a kind of bird,10,0,0,0,0,0,0,0,0,0,0,0,0,0,0,1,0,0,0,0,0,0,0,0,0,0,0,0,0,0,0
vooral te krijgen in winter,available mostly in winter,6,0,0,0,0,0,0,0,0,0,1,0,0,0,0,0,0,0,0,0,0,0,0,0,0,0,0,1,0,0,0
waterig,watery,6,0,1,0,1,0,0,0,0,0,0,0,0,0,1,0,0,0,0,0,1,1,0,0,0,1,0,0,0,0,0
wit vlees,white flesh,24,0,0,0,0,1,1,0,0,0,0,0,0,0,0,0,1,0,1,0,1,1,0,0,1,0,1,0,0,0,0
worden geplukt,are picked,17,1,1,1,1,1,1,1,1,1,1,1,1,1,1,1,1,1,1,1,1,1,1,1,1,1,1,0,1,1,1
wordt alcohol van gemaakt,alcohol is made of it,7,0,0,0,0,1,0,0,0,0,0,0,1,1,1,0,0,0,0,0,1,0,0,1,1,1,0,0,1,0,0
wordt Bounty van gemaakt,is used to make Bounty,5,0,0,0,0,0,0,0,0,0,0,0,0,0,0,0,1,0,0,0,0,0,0,0,0,0,0,0,0,0,0
wordt bruin als het rot,becomes brown when rotting,4,0,1,0,1,1,1,0,0,0,0,1,0,0,1,0,0,0,0,0,0,1,0,0,1,1,0,0,1,0,1
wordt confituur van gemaakt,used for making jam,65,1,1,1,1,1,1,1,1,0,0,0,0,1,1,0,0,0,0,0,0,0,0,0,1,1,0,0,1,1,0
wordt frisdrank van gemaakt,used for making soft drinks,6,0,0,0,0,1,0,0,0,1,0,0,1,0,1,0,0,1,0,0,0,0,0,0,0,0,1,0,0,1,0
wordt geassocieerd met apen,associated with monkeys,9,0,0,0,0,0,1,0,0,0,0,0,0,0,0,0,0,0,0,0,0,0,0,0,0,0,0,0,0,0,0
wordt gebruikt als versiering,used for decoration,28,1,1,0,1,0,0,1,1,1,1,0,1,1,1,0,1,0,0,0,0,0,0,1,0,0,0,1,0,0,0
wordt gebruikt in cocktails,used in cocktails,24,0,0,0,1,1,1,0,0,1,0,0,0,0,1,0,0,1,0,0,0,0,0,0,0,0,1,0,0,1,0
wordt gebruikt in een fruitsalade,used for making fruitsalad,39,0,1,0,1,1,0,1,1,0,0,0,1,1,1,1,0,0,0,1,1,1,0,0,1,1,0,0,0,1,0
wordt gebruikt in taart,used in cake (in dutch: taart),24,1,1,1,1,1,1,0,0,0,0,0,0,1,1,1,0,0,0,0,0,0,0,0,1,1,0,0,1,0,0
wordt gebruikt om appelmoes te maken,used to make applesauce,4,0,0,0,0,1,0,0,0,0,0,0,0,0,0,0,0,0,0,0,0,0,0,0,0,0,0,0,0,0,0
wordt gebruikt om extra smaak te geven,used to give extra taste,6,0,0,0,0,0,0,0,0,1,0,0,0,0,0,0,1,1,0,0,0,0,0,1,0,0,0,0,0,0,0
wordt gebruikt op vis,is used with on fish,7,0,0,0,0,0,0,0,0,1,0,0,0,0,0,0,0,1,0,0,0,0,0,0,0,0,0,0,0,0,0
wordt gedronken bij ontbijt,is a breakfast drink,4,0,0,0,0,1,0,0,0,1,0,0,0,0,0,0,0,0,0,0,0,0,0,0,0,0,1,0,0,1,0
wordt gegeten door mens en dier,is eaten by people and animals,4,1,1,1,1,1,1,1,1,1,1,1,1,1,1,1,1,1,1,1,1,1,1,1,1,1,1,1,1,1,1
wordt geïmporteerd,is imported,14,0,0,1,1,0,1,0,0,1,1,1,1,0,0,1,1,1,1,1,1,1,1,1,0,1,1,0,0,1,1
wordt gekweekt,is grown,4,1,1,1,1,1,1,1,1,1,1,1,1,1,1,1,1,1,1,1,1,1,1,1,1,1,1,1,1,1,1
wordt ijs van gemaakt,used for making icecream,18,0,1,0,0,0,1,1,0,1,1,0,0,1,1,1,1,1,1,0,1,0,0,1,0,0,0,0,0,1,0
wordt in België gekweekt,is grown in Belgium,6,1,1,0,0,1,0,1,1,0,0,0,1,1,1,0,0,0,0,0,0,0,0,0,1,0,0,1,1,0,0
wordt na een tijdje rot,rots after a while,14,1,1,1,1,1,1,1,1,1,1,1,1,1,1,1,1,1,1,1,1,1,1,1,1,1,1,1,1,1,1
wordt ook in blik verkocht,is sold in tins,17,0,0,1,1,0,0,0,0,0,0,0,0,0,1,0,1,0,1,0,0,0,0,0,1,1,0,0,0,0,0
wordt snel rot,rottens fast,5,0,1,0,0,1,1,0,0,0,0,0,0,0,0,0,0,0,0,0,0,0,0,0,0,0,0,0,0,0,0
wordt vaak bij konijn gegeten,is often eaten with rabbit,5,0,0,0,0,0,0,0,0,0,0,0,0,0,0,0,0,0,0,0,0,0,0,0,0,0,0,0,1,0,0
wordt veel gebruikt bij desserts,often used for deserts,23,1,1,0,1,1,1,1,1,1,1,1,1,1,1,1,0,1,1,0,1,1,0,1,1,1,0,0,1,1,1
wordt wijn van gemaakt,used for making wine,18,0,0,0,0,1,0,0,0,0,0,0,1,0,0,0,0,0,0,0,0,0,0,0,1,1,0,0,0,0,0
zaadjes,seeds,6,0,1,0,0,1,1,0,0,1,1,0,1,0,0,1,0,1,0,0,1,0,0,0,1,0,1,1,0,1,0
"zit vaak in shampoos, douchegel",often contained in shampoo,7,0,0,1,0,0,0,0,0,1,0,0,0,0,0,0,0,1,0,0,0,0,0,0,0,1,0,0,0,0,0
zoete smaak,sweet taste,198,0,1,1,1,1,1,0,0,0,1,1,1,1,1,1,1,0,1,1,1,1,1,1,1,1,0,0,1,1,1
zoet-zuur,tastes sweet-and-sour,6,1,1,0,1,1,0,1,1,0,1,0,1,1,1,1,0,0,0,0,0,1,0,0,0,1,0,0,1,1,0
zomerfruit,summerfruit,102,0,1,1,1,0,1,1,1,0,0,1,0,1,1,0,1,0,1,1,1,1,1,0,0,1,1,0,1,1,1
zuiden,south,41,0,0,1,1,0,1,0,0,1,1,1,1,0,0,1,1,1,1,1,1,1,1,1,0,1,1,0,0,1,1
